--liquibase formatted sql

--changeset Rachit-9382:101
insert  into `st_rm_menu_master`(`menu_id`,`merchant_id`,`menu_disp_name`,`action_id`,`parent_menu_id`,`item_order`,`status`) values (1,1,'Reports',NULL,0,5,'ACTIVE'),(2,1,'SL Management',NULL,0,2,'ACTIVE'),(3,2,'Reports',NULL,0,5,'ACTIVE'),(4,2,'SL Management',NULL,0,2,'ACTIVE'),(5,1,'PWT',NULL,0,3,'ACTIVE'),(6,2,'PWT',NULL,0,3,'ACTIVE'),(7,1,'Miscellaneous',NULL,0,4,'INACTIVE'),(8,2,'Miscellaneous',NULL,0,4,'INACTIVE'),(9,1,'BO Management',NULL,0,1,'ACTIVE'),(10,2,'BO Management',NULL,0,1,'ACTIVE');
--rollback truncate table `st_rm_menu_master`;
insert  into `st_rm_merchant_channel_mapping`(`merchant_channel_id`,`merchant_id`,`channel_type`,`channel_name`,`status`) values (1,2,'WEB','Web','ACTIVE'),(2,2,'TERMINAL','Terminal','ACTIVE'),(3,1,'MOBILE','Mobile device','ACTIVE'),(4,1,'SMS','Sms','ACTIVE'),(5,1,'WEB','Web','ACTIVE');
--rollback truncate table `st_rm_menu_master`;
insert  into `st_rm_merchant_channel_tier_mapping`(`mct_id`,`merchant_channel_id`,`tier_id`,`status`) values (1,1,1,'ACTIVE'),(2,1,2,'ACTIVE'),(3,1,3,'ACTIVE'),(4,2,3,'ACTIVE'),(5,3,4,'ACTIVE'),(6,4,4,'ACTIVE'),(7,5,1,'ACTIVE');
--rollback truncate table `st_rm_merchant_channel_tier_mapping`;
insert  into `st_sl_city_master`(`city_id`,`state_id`,`country_id`,`city_code`,`city_name`,`status`) values (1,2,1,'HAR','Harare','ACTIVE'),(2,5,1,'BIRC','Birchenough Bridge','ACTIVE'),(3,5,1,'BUH','Buhera','ACTIVE'),(4,5,1,'CASHT','Cashelhe Tizvione','ACTIVE'),(5,5,1,'HAUN','Hauna','ACTIVE'),(6,5,1,'NYA','Nyazura','ACTIVE'),(7,5,1,'RUSA','Rusape','ACTIVE'),(8,3,1,'GLEND','Glendale','ACTIVE'),(9,3,1,'MOUNTD','Mount Darwin','ACTIVE'),(10,3,1,'MVUR','Mvurwi','ACTIVE'),(11,3,1,'BIND','Bindura','ACTIVE'),(12,1,1,'BUL','BULAWAYO','ACTIVE'),(13,4,1,'BROM','Bromley','ACTIVE'),(14,4,1,'CHIT','Chitungwiza','ACTIVE'),(15,4,1,'MARON','Marondera','ACTIVE'),(16,4,1,'RUW','Ruwa','ACTIVE'),(17,4,1,'KOT','Kotwa','ACTIVE'),(18,4,1,'CHIV','Chivhu','ACTIVE'),(19,4,1,'NHAR','Nharira','ACTIVE'),(20,4,1,'GORO','Goromonzi','ACTIVE'),(21,4,1,'MACH','Macheke','ACTIVE'),(22,4,1,'MAHU','Mahusekwa','ACTIVE'),(23,4,1,'SUS','Suswe','ACTIVE'),(24,4,1,'WEDZ','Wedza','ACTIVE'),(25,4,1,'MUTO','Mutoko','ACTIVE'),(26,4,1,'MURE','Murewa','ACTIVE'),(27,4,1,'JURU','Juru','ACTIVE'),(28,4,1,'SAD','Sadza','ACTIVE'),(29,4,1,'MAKO','Makosa','ACTIVE'),(30,4,1,'MAKA','Makaha','ACTIVE'),(31,4,1,'BOND','Bondamakara','ACTIVE'),(32,4,1,'HEAD','Headlands','ACTIVE'),(33,4,1,'NYAM','Nyamapanda','ACTIVE'),(34,7,1,'ALA','Alaska','ACTIVE'),(35,7,1,'BANK','Banket','ACTIVE'),(36,7,1,'BATTLE','Battlefields','ACTIVE'),(37,7,1,'BUMI','Bumi Hills','ACTIVE'),(38,7,1,'CAPH','Cape Haig','ACTIVE'),(39,7,1,'CHAKA','Chakari','ACTIVE'),(40,7,1,'CHAR','Charara','ACTIVE'),(41,7,1,'CHEGU','Chegutu','ACTIVE'),(42,7,1,'CHIN',' Chinhoyi','ACTIVE'),(43,7,1,'CHIRU','Chirundu','ACTIVE'),(44,7,1,'DARW','Darwendale','ACTIVE'),(45,7,1,'DOM','Doma','ACTIVE'),(46,7,1,'EIFF','Eiffel Flats','ACTIVE'),(47,7,1,'ELDO','Eldorado','ACTIVE'),(48,7,1,'FEO','Feock','ACTIVE'),(49,7,1,'GAD','Gadzema ','ACTIVE'),(50,7,1,'GOLD','Golden Valley','ACTIVE'),(51,7,1,'KAD','Kadoma','ACTIVE'),(52,7,1,'KARI','Kariba','ACTIVE'),(53,7,1,'KARO','Karoi','ACTIVE'),(54,7,1,'KILD','Kildonan','ACTIVE'),(55,7,1,'LION','Lion\'s Den','ACTIVE'),(56,7,1,'MADA','Madadzi','ACTIVE'),(57,7,1,'MAG ','Magunje','ACTIVE'),(58,7,1,'MAK','Makuti','ACTIVE'),(59,7,1,'MAKW','Makwiro','ACTIVE'),(60,7,1,'MHANG','Mhangura','ACTIVE'),(61,7,1,'MUBA','Mubayira','ACTIVE'),(62,7,1,'MUNY','Munyati','ACTIVE'),(63,7,1,'MURI','Muriel','ACTIVE'),(64,7,1,'MUROM','Murombedzi','ACTIVE'),(65,7,1,'MUTOR','Mutorashanga','ACTIVE'),(66,7,1,'MWA','Mwami','ACTIVE'),(67,7,1,'NORT','Norton','ACTIVE'),(68,7,1,'ORL','Orlando Heights','ACTIVE'),(69,7,1,'RAFF','Raffingora','ACTIVE'),(70,7,1,'SANY','Sanyati','ACTIVE'),(71,7,1,'SEL','Selous','ACTIVE'),(72,7,1,'SHAC','Shackleton','ACTIVE'),(73,7,1,'TASH','Tashinga','ACTIVE'),(74,7,1,'TREL','Trelawney','ACTIVE'),(75,7,1,'UMSWE','Umsweswe','ACTIVE'),(76,7,1,'UNSW','Unsworth','ACTIVE'),(77,7,1,'VAN','Vanad','ACTIVE'),(78,7,1,'VEN','Venice','ACTIVE'),(79,7,1,'VUTI','Vuti','ACTIVE'),(80,7,1,'ZAV','Zave','ACTIVE'),(81,6,1,'BIKI','Bikita','ACTIVE'),(82,6,1,'BUB','Bubye River','ACTIVE'),(83,6,1,'BUFF','Buffalo Range','ACTIVE'),(84,6,1,'CHAT','Chatsworth','ACTIVE'),(85,6,1,'CHIR','Chiredzi','ACTIVE'),(86,6,1,'CHIVI','Chivi','ACTIVE'),(87,6,1,'FELI','Felixburg','ACTIVE'),(88,6,1,'GAT','Gaths Mine','ACTIVE'),(89,6,1,'GLE','Glenclova','ACTIVE'),(90,6,1,'GLEN','Glenlivet','ACTIVE'),(91,6,1,'GUTU','Gutu','ACTIVE'),(92,6,1,'GURA','Gurajena','ACTIVE'),(93,6,1,'Gwen','Gwengwerere GP','ACTIVE'),(94,6,1,'HIPP','Hippo Valley','ACTIVE'),(95,6,1,'MABA','Mabalauta','ACTIVE'),(96,6,1,'MARA','Maranda','ACTIVE'),(97,6,1,'MAS','Mashava','ACTIVE'),(98,6,1,'MASV','Masvingo','ACTIVE'),(99,6,1,'MBI','Mbizi','ACTIVE'),(100,6,1,'MUPA','Mupandawana','ACTIVE'),(101,6,1,'MWEN','Mwenezi','ACTIVE'),(102,6,1,'NDA','Ndanga','ACTIVE'),(103,6,1,'NEM','Nemanwa','ACTIVE'),(104,6,1,'NGO','Ngomahuru','ACTIVE'),(105,6,1,'NGU','Ngundu','ACTIVE'),(106,6,1,'REN','Renco','ACTIVE'),(107,6,1,'ZIMU','Zimuto Siding','ACTIVE'),(108,6,1,'RUTE','Rutenga','ACTIVE'),(109,6,1,'SANG','Sango','ACTIVE'),(110,6,1,'SOTI','Soti-Source','ACTIVE'),(111,6,1,'TRI','Triangle','ACTIVE'),(112,6,1,'TSW','Tswiza','ACTIVE'),(113,6,1,'ZAK','Zaka','ACTIVE'),(114,6,1,'MUSE','Musekiwa','ACTIVE'),(115,9,1,'BEMB','Bembezi','ACTIVE'),(116,9,1,'BING','Binga','ACTIVE'),(117,9,1,'DAGA','Dagamela','ACTIVE'),(118,9,1,'DEKA','Deka Drum','ACTIVE'),(119,9,1,'DETE','Dete','ACTIVE'),(120,9,1,'EAST','Eastnor','ACTIVE'),(121,9,1,'HWAN','Hwange','ACTIVE'),(122,9,1,'INYA','Inyati','ACTIVE'),(123,9,1,'KAMA','Kamativi','ACTIVE'),(124,9,1,'KARIY','Kariyangwe','ACTIVE'),(125,9,1,'KAZUN','Kazungula','ACTIVE'),(126,9,1,'KENM','Kenmaur','ACTIVE'),(127,9,1,'LONE','Lonely Mine','ACTIVE'),(128,9,1,'LUPA','Lupane','ACTIVE'),(129,9,1,'LUSU','Lusulu','ACTIVE'),(130,9,1,'MATE','Matetsi','ACTIVE'),(131,9,1,'MLI','Mlibizi','ACTIVE'),(132,9,1,'MSU','Msuna','ACTIVE'),(133,9,1,'NKA','Nkayi','ACTIVE'),(134,9,1,'NTA','Ntabazinduna','ACTIVE'),(135,9,1,'NYAMA','Nyamandhlovu','ACTIVE'),(136,9,1,'PAND','Pandamatenga','ACTIVE'),(137,9,1,'QUEE','Queen\'s Mine','ACTIVE'),(138,9,1,'SHAN','Shangani','ACTIVE'),(139,9,1,'SIAB','Siabuwa','ACTIVE'),(140,9,1,'TSHO','Tsholotsho','ACTIVE'),(141,9,1,'TSHOT','Tshotsholo','ACTIVE'),(142,9,1,'TURK','Turk Mine','ACTIVE'),(143,9,1,'VICF','Victoria Falls','ACTIVE'),(144,10,1,'ANT','Antelope Mine','ACTIVE'),(145,10,1,'BEIT','Beitbridge','ACTIVE'),(146,10,1,'BLAN','Blanket','ACTIVE'),(147,10,1,'COLLE','Colleen Bawn','ACTIVE'),(148,10,1,'ESI','Esimbomvu','ACTIVE'),(149,10,1,'ESIG','Esigodini','ACTIVE'),(150,10,1,'FIGT','Figtree','ACTIVE'),(151,10,1,'FILA','Filabusi','ACTIVE'),(152,10,1,'FORT','Fort Rixon','ACTIVE'),(153,10,1,'FOR','Fort Usher','ACTIVE'),(154,10,1,'GWAND','Gwanda ','ACTIVE'),(155,10,1,'KAM','Kame','ACTIVE'),(156,10,1,'KEZ','Kezi','ACTIVE'),(157,10,1,'MANG','Mangwe','ACTIVE'),(158,10,1,'MAPH','Maphisa','ACTIVE'),(159,10,1,'MAR','Marula','ACTIVE'),(160,10,1,'MAZ','Mazunga','ACTIVE'),(161,10,1,'MBA','Mbalabala','ACTIVE'),(162,10,1,'MPHO','Mphoengs','ACTIVE'),(163,10,1,'NGW','Ngwesi','ACTIVE'),(164,10,1,'NSI','Nsiza','ACTIVE'),(165,10,1,'PLU','Plumtree','ACTIVE'),(166,10,1,'TOW','Towla','ACTIVE'),(167,10,1,'TUL','Tuli','ACTIVE'),(168,10,1,'VUB','Vubachikwe','ACTIVE'),(169,10,1,'WSTN','West Nicholson','ACTIVE'),(170,8,1,'BANN','Bannockburn','ACTIVE'),(171,8,1,'BUCH','Buchwa','ACTIVE'),(172,8,1,'CHI','Chirumanzu','ACTIVE'),(173,8,1,'COPP','Copper Queen','ACTIVE'),(174,8,1,'EMP','Empress Mine','ACTIVE'),(175,8,1,'FEAT','Featherstone','ACTIVE'),(176,8,1,'GOK','Gokwe','ACTIVE'),(177,8,1,'GUI','Guinea Fowl','ACTIVE'),(178,8,1,'GWE','Gweru ','ACTIVE'),(179,8,1,'HUN','Hunters Road','ACTIVE'),(180,8,1,'ING','Ingezi','ACTIVE'),(181,8,1,'INSUK','Insukamini','ACTIVE'),(182,8,1,'KWE','Kwekwe','ACTIVE'),(183,8,1,'LALA','Lalapanzi','ACTIVE'),(184,8,1,'MBE','Mberengwa','ACTIVE'),(185,8,1,'MVU','Mvuma','ACTIVE'),(186,8,1,'NEW','New Featherstone','ACTIVE'),(187,8,1,'NJE','Njelele','ACTIVE'),(188,8,1,'REDC','Redcliff','ACTIVE'),(189,8,1,'SHER','Sherwood','ACTIVE'),(190,8,1,'SHURU','Shurugwi','ACTIVE'),(191,8,1,'SILO','Silobela','ACTIVE'),(192,8,1,'SOMA','Somabhula','ACTIVE'),(193,8,1,'THE','The Range','ACTIVE'),(194,8,1,'ZHO','Zhombe','ACTIVE'),(195,8,1,'ZVI','Zvishavane','ACTIVE');
--rollback truncate table `st_sl_city_master`;
insert  into `st_sl_merchant_user_master`(`user_id`,`parent_user_id`,`role_id`,`merchant_id`,`merchant_user_id`,`merchant_user_mapping_id`,`user_name`,`user_type`,`is_role_head`,`first_name`,`last_name`,`address`,`mobile_nbr`,`gender`,`email_id`,`city`,`state`,`country`,`org_name`) values (1,0,1,2,'11001',0,'bomaster','BO','Y','Brain','Makwabarara','FedEx House','00',NULL,'brianm@auctioneers.co.zwaaa','Harare','Harare','ZIMBABWE','Africa Lotto');
--rollback truncate table `st_sl_merchant_user_master`;
insert  into `st_sl_scheduler_master`(`scheduler_id`,`game_type_id`,`game_id`,`scheduler_draw_data`,`max_advance_draws`,`additional_draws`,`entry_per_table`,`draw_frequency`,`scheduler_status`) values (1,1,1,'{\r\n  \"WEEKLY\": {\r\n    \"THU\": [\r\n         {\r\n        \"drawTime\": 0600,\r\n        \"mapId\": 1,\r\n        \"freezeTime\": 61230,\r\n        \"saleStartTime\": 145800,\r\n        \"drawStatus\": \"PAEA\"\r\n      }\r\n    ],\r\n    \"SUN\": [\r\n         {\r\n        \"drawTime\": 0600,\r\n        \"mapId\": 1,\r\n        \"freezeTime\": 61230,\r\n        \"saleStartTime\": 145800,\r\n        \"drawStatus\": \"PAEA\"\r\n      }\r\n    ]\r\n  }\r\n}\r\n',2,10,1,'WEEKLY','ACTIVE'),(2,2,1,'{\r\n  \"WEEKLY\": {\r\n    \"THU\": [\r\n         {\r\n        \"drawTime\": 0600,\r\n        \"mapId\": 1,\r\n        \"freezeTime\": 61230,\r\n        \"saleStartTime\": 145800,\r\n        \"drawStatus\": \"PAEA\"\r\n      }\r\n    ],\r\n    \"SUN\": [\r\n         {\r\n        \"drawTime\": 0600,\r\n        \"mapId\": 1,\r\n        \"freezeTime\": 61230,\r\n        \"saleStartTime\": 145800,\r\n        \"drawStatus\": \"PAEA\"\r\n      }\r\n    ]\r\n  }\r\n}\r\n',2,10,1,'WEEKLY','ACTIVE'),(3,3,1,'{\r\n  \"WEEKLY\": {\r\n    \"MON\": [\r\n        {\r\n        \"drawTime\": 0600,\r\n        \"mapId\": 1,\r\n        \"freezeTime\": 61215,\r\n        \"saleStartTime\": 232200,\r\n        \"drawStatus\": \"PAEA\"\r\n      }\r\n    ],\r\n    \"TUE\": [\r\n        {\r\n        \"drawTime\": 0600,\r\n        \"mapId\": 1,\r\n        \"freezeTime\": 61215,\r\n        \"saleStartTime\": 232200,\r\n        \"drawStatus\": \"PAEA\"\r\n      }\r\n    ],\r\n    \"WED\": [\r\n        {\r\n        \"drawTime\": 0600,\r\n        \"mapId\": 1,\r\n        \"freezeTime\": 61215,\r\n        \"saleStartTime\": 232200,\r\n        \"drawStatus\": \"PAEA\"\r\n      }\r\n    ],\r\n    \"THU\": [\r\n        {\r\n        \"drawTime\": 0600,\r\n        \"mapId\": 1,\r\n        \"freezeTime\": 61215,\r\n        \"saleStartTime\": 232200,\r\n        \"drawStatus\": \"PAEA\"\r\n      }\r\n    ],\r\n     \"FRI\": [\r\n        {\r\n        \"drawTime\": 0600,\r\n        \"mapId\": 1,\r\n        \"freezeTime\": 61215,\r\n        \"saleStartTime\": 232200,\r\n        \"drawStatus\": \"PAEA\"\r\n      }\r\n    ],\r\n    \"SAT\": [\r\n        {\r\n        \"drawTime\": 0600,\r\n        \"mapId\": 1,\r\n        \"freezeTime\": 61215,\r\n        \"saleStartTime\": 232200,\r\n        \"drawStatus\": \"PAEA\"\r\n      }\r\n    ],\r\n    \"SUN\": [\r\n        {\r\n        \"drawTime\": 0600,\r\n        \"mapId\": 1,\r\n        \"freezeTime\": 61215,\r\n        \"saleStartTime\": 232200,\r\n        \"drawStatus\": \"PAEA\"\r\n      }\r\n    ]\r\n  }\r\n}',2,10,1,'WEEKLY','ACTIVE'),(4,4,1,'{\r\n  \"WEEKLY\": {\r\n    \"MON\": [\r\n        {\r\n        \"drawTime\": 0600,\r\n        \"mapId\": 1,\r\n        \"freezeTime\": 61215,\r\n        \"saleStartTime\": 232200,\r\n        \"drawStatus\": \"PAEA\"\r\n      }\r\n    ],\r\n    \"TUE\": [\r\n        {\r\n        \"drawTime\": 0600,\r\n        \"mapId\": 1,\r\n        \"freezeTime\": 61215,\r\n        \"saleStartTime\": 232200,\r\n        \"drawStatus\": \"PAEA\"\r\n      }\r\n    ],\r\n    \"WED\": [\r\n        {\r\n        \"drawTime\": 0600,\r\n        \"mapId\": 1,\r\n        \"freezeTime\": 61215,\r\n        \"saleStartTime\": 232200,\r\n        \"drawStatus\": \"PAEA\"\r\n      }\r\n    ],\r\n    \"THU\": [\r\n        {\r\n        \"drawTime\": 0600,\r\n        \"mapId\": 1,\r\n        \"freezeTime\": 61215,\r\n        \"saleStartTime\": 232200,\r\n        \"drawStatus\": \"PAEA\"\r\n      }\r\n    ],\r\n     \"FRI\": [\r\n        {\r\n        \"drawTime\": 0600,\r\n        \"mapId\": 1,\r\n        \"freezeTime\": 61215,\r\n        \"saleStartTime\": 232200,\r\n        \"drawStatus\": \"PAEA\"\r\n      }\r\n    ],\r\n    \"SAT\": [\r\n        {\r\n        \"drawTime\": 0600,\r\n        \"mapId\": 1,\r\n        \"freezeTime\": 61215,\r\n        \"saleStartTime\": 232200,\r\n        \"drawStatus\": \"PAEA\"\r\n      }\r\n    ],\r\n    \"SUN\": [\r\n        {\r\n        \"drawTime\": 0600,\r\n        \"mapId\": 1,\r\n        \"freezeTime\": 61215,\r\n        \"saleStartTime\": 232200,\r\n        \"drawStatus\": \"PAEA\"\r\n      }\r\n    ]\r\n  }\r\n}',2,10,1,'WEEKLY','ACTIVE');
--rollback truncate table `st_sl_scheduler_master`;
insert  into `st_sl_state_master`(`state_id`,`state_code`,`country_id`,`state_name`,`status`) values (1,'BUL',1,'BULAWAYO','ACTIVE'),(2,'HAR',1,'HARARE','ACTIVE'),(3,'MAC',1,'MASHONALAND CENTRAL','ACTIVE'),(4,'MAE',1,'MASHONALAND EAST','ACTIVE'),(5,'MAN',1,'MANICALAND','ACTIVE'),(6,'MAS',1,'MASVINGO PROVINCE','ACTIVE'),(7,'MAW',1,'MASHONALAND WEST','ACTIVE'),(8,'MID',1,'MIDLANDS PROVINCE','ACTIVE'),(9,'MTN',1,'MATABELELAND NORTH','ACTIVE'),(10,'MTS',1,'MATABELELAND SOUTH','ACTIVE');
--rollback truncate table `st_sl_state_master`;

--changeset Rachit-9382:102

insert  into `st_rm_merchant_priv_mapping`(`merchant_priv_id`,`merchant_id`,`priv_id`,`priv_disp_name`,`is_default`,`check_login`,`is_role_head_priv`,`is_sub_user_priv`,`parent_menu_id`,`priv_code`,`hidden`,`status`) values (1,1,1,'Event Insertion','Y','Y','Y','Y',2,NULL,'N','INACTIVE'),(2,2,1,'Event Insertion','Y','Y','Y','Y',4,NULL,'N','ACTIVE'),(3,1,2,'Events Mapping','Y','Y','Y','Y',2,NULL,'N','INACTIVE'),(4,2,2,'Events Mapping','Y','Y','Y','Y',4,NULL,'N','ACTIVE'),(5,1,3,'Result Submission User Assign','Y','Y','Y','Y',9,NULL,'N','INACTIVE'),(6,2,3,'Result Submission User Assign','Y','Y','Y','Y',10,NULL,'N','ACTIVE'),(7,1,4,'Result Submission','Y','Y','Y','Y',9,NULL,'N','INACTIVE'),(8,2,4,'Result Submission','Y','Y','Y','Y',10,NULL,'N','ACTIVE'),(9,1,6,'Track Ticket','Y','Y','Y','Y',9,NULL,'N','ACTIVE'),(10,2,6,'Track Ticket','Y','Y','Y','Y',10,NULL,'N','ACTIVE'),(11,1,5,'Data Report','Y','Y','Y','Y',1,NULL,'N','ACTIVE'),(12,2,5,'Data Report','Y','Y','Y','Y',3,NULL,'N','ACTIVE'),(13,2,7,'Ticket Sale','Y','Y','Y','Y',4,NULL,'N','ACTIVE'),(14,2,8,'Ticket Cancel','Y','Y','Y','Y',4,NULL,'N','ACTIVE'),(15,2,9,'Ticket Reprint','Y','Y','Y','Y',4,NULL,'N','ACTIVE'),(16,2,10,'Ticket PWT','Y','Y','Y','Y',4,NULL,'N','ACTIVE'),(17,2,11,'Ledger Report','Y','Y','Y','Y',3,NULL,'N','ACTIVE'),(18,2,12,'Draw Game Data Report','Y','Y','Y','Y',3,NULL,'N','ACTIVE'),(19,1,14,'Ticket Verification','Y','Y','Y','Y',5,NULL,'N','INACTIVE'),(20,2,14,'Ticket Verification','Y','Y','Y','Y',6,NULL,'N','ACTIVE'),(21,1,13,'Result Approval','Y','Y','Y','N',9,NULL,'N','INACTIVE'),(22,2,13,'Result Approval','Y','Y','Y','N',10,NULL,'N','ACTIVE'),(23,2,15,'Ticket Cancellation','Y','Y','Y','Y',10,NULL,'N','ACTIVE'),(24,2,16,'Fixture Wise Winning Analysis Report','Y','Y','Y','Y',3,NULL,'N','ACTIVE'),(25,2,17,'Merchant Wise Sale PWT Report','Y','Y','Y','Y',3,NULL,'N','ACTIVE'),(26,1,18,'Soccer Sale Trend Report','Y','Y','Y','N',3,NULL,'N','ACTIVE'),(27,2,18,'Soccer Sale Trend Report','Y','Y','Y','N',3,NULL,'N','ACTIVE'),(28,1,19,'Update Jackpot Amount/Message','Y','Y','N','N',7,NULL,'N','ACTIVE'),(29,2,19,'Update Jackpot Amount/Message','Y','Y','N','N',8,NULL,'N','ACTIVE'),(30,1,20,'Draw Management','Y','Y','Y','Y',2,NULL,'N','INACTIVE'),(31,2,20,'Draw Management','Y','Y','Y','Y',4,NULL,'N','ACTIVE'),(32,2,21,'Sale Report','Y','Y','Y','Y',3,NULL,'N','ACTIVE'),(33,2,22,'League Team Management','Y','Y','Y','Y',4,NULL,'N','ACTIVE'),(34,2,23,'Event Management','Y','Y','Y','Y',4,NULL,'N','ACTIVE');
--rollback truncate table `st_rm_merchant_priv_mapping`;
/*Data for the table `st_rm_priv_action_mapping` */

insert  into `st_rm_priv_action_mapping`(`action_id`,`priv_id`,`action_path`,`action_mapping`,`action_disp_name`,`is_start`,`is_audit_trail_display`,`status`) values (1,1,'/com/skilrock/sle/web/merchantUser/drawMgmt/Action/','boEventInsertionMenu.action','Event Insertion Menu','Y','Y','ACTIVE'),(2,1,'/com/skilrock/sle/web/merchantUser/drawMgmt/Action/','boEventInsertionSubmit.action','Event Insertion Submit ','N','N','ACTIVE'),(3,2,'/com/skilrock/sle/web/merchantUser/drawMgmt/Action/','boEventMappingMenu.action','Event Mapping Menu','Y','Y','ACTIVE'),(4,2,'/com/skilrock/sle/web/merchantUser/drawMgmt/Action/','boEventMappingSubmit.action','Event Mapping Submit','N','N','ACTIVE'),(5,3,'/com/skilrock/sle/web/merchantUser/drawMgmt/Action/','boUserAsignMenu.action','Result Submission User Assign','Y','Y','ACTIVE'),(6,3,'/com/skilrock/sle/web/merchantUser/drawMgmt/Action/','boUserAsingSubmit.action','Result Submission User Submit','N','N','ACTIVE'),(7,4,'/com/skilrock/sle/web/merchantUser/drawMgmt/Action/','boResultSubmissionMenu.action','Result Submission Menu','Y','Y','ACTIVE'),(8,4,'/com/skilrock/sle/web/merchantUser/drawMgmt/Action/','boResultSubmissionSubmit.action','Result Submission Submit','N','N','ACTIVE'),(9,5,'/com/skilrock/sle/web/merchantUser/reportsMgmt/Action/','boDrawGameDataReportMenu.action','Draw Game Data Report Menu','Y','N','ACTIVE'),(10,5,'/com/skilrock/sle/web/merchantUser/reportsMgmt/Action/','boDrawGameDataReportSearch.action','Draw Game Data Report Search','N','N','ACTIVE'),(11,6,'/com/skilrock/sle/web/merchantUser/drawMgmt/Action/','boTrackTicketMenu.action','Track Ticket Menu','Y','Y','ACTIVE'),(12,6,'/com/skilrock/sle/web/merchantUser/drawMgmt/Action/','boTrackTicketSearch.action','Track Ticket Search','N','N','ACTIVE'),(13,7,'abc','retTicketSaleMenu.action','Ticket Sale Menu','Y','Y','ACTIVE'),(14,7,'abc','retTicketSaleSubmit.action','Ticket Sale Submit','N','N','ACTIVE'),(15,8,'abc','retTicketCancelMenu.action','Ticket Cancel Menu','Y','Y','ACTIVE'),(16,8,'abc','retTicketCancleSubmit.action','Ticket Cancel Submit','N','N','ACTIVE'),(17,9,'abc','retTicketReprintMenu.action','Ticket Reprint Menu','Y','Y','ACTIVE'),(18,9,'abc','retTicketReprintSubmit.action','Ticket Reprint Save','N','N','ACTIVE'),(19,10,'abc','retTicketPWTMenu.action','Ticket PWT Menu','Y','Y','ACTIVE'),(20,10,'abc','retTicketPWTSubmit.action','Ticket PWT Submit','N','N','ACTIVE'),(21,11,'/com/skilrock/sle/web/merchantUser/reportsMgmt/Action/','agtLedgerReportMenu.action','Ledger Report Menu','Y','Y','ACTIVE'),(22,11,'/com/skilrock/sle/web/merchantUser/reportsMgmt/Action/','agtLedgerReportSearch.action','Ledger Report Search','N','N','ACTIVE'),(23,12,'/com/skilrock/sle/web/merchantUser/reportsMgmt/Action/','agtDrawGameDataReportMenu.action','Draw Game Data Report Search','Y','Y','ACTIVE'),(24,12,'/com/skilrock/sle/web/merchantUser/reportsMgmt/Action/','agtDrawGameDataReportSearch.action','Draw Game Data Report Search','N','N','ACTIVE'),(25,13,'/com/skilrock/sle/web/merchantUser/drawMgmt/Action/','resultApprovalMenu.action','Result Approval Menu','Y','Y','ACTIVE'),(26,13,'/com/skilrock/sle/web/merchantUser/drawMgmt/Action/','resultApprovalSubmit.action','Result Approval Submit','N','N','ACTIVE'),(27,14,'/com/skilrock/sle/web/merchantUser/pwtMgmt/Action/','verifyTicketMenu.action','Ticket Verification','Y','Y','ACTIVE'),(28,14,'/com/skilrock/sle/web/merchantUser/pwtMgmt/Action/','verifyTicketSave.action','Ticket Verification','N','N','ACTIVE'),(29,15,'/com/skilrock/sle/web/merchantUser/drawMgmt/Action/','boCancelTicketMenu.action','Ticket Cancellation','Y','Y','ACTIVE'),(30,15,'/com/skilrock/sle/web/merchantUser/drawMgmt/Action/','boCancelTicketSave.action','Ticket Cancellation','N','N','ACTIVE'),(31,16,'/com/skilrock/sle/web/merchantUser/reportsMgmt/Action/','fixtureWiseWinningAnalysisReportMenu.action','Fixture Wise Winning Analysis Report','Y','Y','ACTIVE'),(32,17,'/com/skilrock/sle/web/merchantUser/reportsMgmt/Action/','merchantWiseSalePwtReportMenu.action','Merchant Wise Sale PWT Report','Y','Y','ACTIVE'),(33,18,'/com/skilrock/sle/web/merchantUser/reportsMgmt/Action/','saleTrendReportSearch.action','Soccer Sale Trend Report Search','N','N','ACTIVE'),(34,18,'/com/skilrock/sle/web/merchantUser/reportsMgmt/Action/','saleTrendReportMenu.action','Soccer Sale Trend Report','Y','Y','ACTIVE'),(35,19,'/com/skilrock/sle/web/merchantUser/miscMgmt/Action/','updateJackpotAmountMessageMenu.action','Update Jackpot Amount/Message','Y','Y','ACTIVE'),(36,19,'/com/skilrock/sle/web/merchantUser/miscMgmt/Action/','updateJackpotAmountMessageUpdate.action','Update Jackpot Amount/Message','N','N','ACTIVE'),(37,20,'/com/skilrock/sle/web/merchantUser/drawMgmt/Action/','drawMgmtMenu.action','Draw Management','Y','N',NULL),(38,21,'/com/skilrock/sle/web/merchantUser/reportsMgmt/Action/','boSaleReportMenu.action','Sale Report','Y','Y','ACTIVE'),(39,22,'/com/skilrock/sle/web/merchantUser/drawMgmt/Action/','sleLeagueTeamInsertion.action','League Team Management','Y','Y','ACTIVE'),(40,23,'/com/skilrock/sle/web/merchantUser/drawMgmt/Action/','eventMgmtMenu.action','Event Management','Y','N','ACTIVE');
--rollback truncate table `st_rm_priv_action_mapping`;

/*Data for the table `st_rm_role_master` */

insert  into `st_rm_role_master`(`role_id`,`merchant_id`,`merchant_role_id`,`role_name`,`role_description`,`owner_user_id`,`tier_id`,`is_master`,`status`) values (1,2,1,'BO','back office',2,1,'Y','ACTIVE'),(2,2,2,'Agent','Agent master',2,2,'Y','ACTIVE'),(3,2,3,'Retailer','Retailer Master',2,3,'Y','ACTIVE'),(4,1,4,'Player','Player master',1,4,'Y','ACTIVE'),(5,1,5,'BO','Back Office',1,1,'Y','ACTIVE'),(6,2,4,'fdf','dfdf',1,1,'N','ACTIVE'),(7,2,5,'fdffdf','dfdfff',1,1,'N','ACTIVE'),(8,2,6,'hello','hell',1,1,'N','ACTIVE'),(9,2,7,'ff','ff',1,1,'N','ACTIVE'),(10,2,8,'ffr','ffr',1,1,'N','ACTIVE'),(11,2,9,'he','he',1,1,'N','ACTIVE'),(12,2,10,'HR Manager','HR',1,1,'N','ACTIVE'),(13,2,11,'deepakrole','abc',1,1,'N','ACTIVE'),(14,2,12,'test','test',1,1,'N','ACTIVE'),(15,2,13,'skil','rock',1,1,'N','ACTIVE'),(16,2,14,'Roleaks','asdfg',1,1,'N','ACTIVE'),(17,2,15,'sYSTEM','SYSTEM',1,1,'N','ACTIVE'),(18,2,16,'23131','332131',1,1,'N','ACTIVE'),(19,2,18,'pulkit','manager',25030,1,'N','ACTIVE'),(20,2,19,'priviledge','report',25030,1,'N','ACTIVE'),(21,2,20,'me','finance',25030,1,'N','ACTIVE'),(22,2,21,'century','jbj',25030,1,'N','ACTIVE'),(23,1,6,'Test','Test Skilrock',2,1,'N','ACTIVE'),(24,2,5,'ad11','gfgf',1,1,'N','ACTIVE'),(25,2,6,'ssss','ssss',1,1,'N','ACTIVE'),(26,2,7,'dfbgdg','dfgdf',1,1,'N','ACTIVE'),(27,2,8,'bmbn','vbnmbn',1,1,'N','ACTIVE'),(28,2,9,'cvbvc','vgb',1,1,'N','ACTIVE'),(29,2,10,'gbg','gbhe',1,1,'N','ACTIVE'),(30,1,7,'dabba','dabba',2,1,'N','ACTIVE'),(31,1,8,'nalini','dsfdsg',2,1,'N','ACTIVE'),(32,2,11,'test','tetcfgcfg',1,1,'N','ACTIVE'),(33,2,12,'ryhgh','ghfghgh',1,1,'N','ACTIVE'),(34,2,13,'vdvv ','vdsvdv',1,1,'N','ACTIVE'),(35,2,14,'RoleName','fhnekjgerkjgnre',1,1,'N','ACTIVE'),(36,1,9,'agile','agile',2,1,'N','ACTIVE'),(37,2,15,'researcj','research',1,1,'N','ACTIVE'),(38,1,10,'shivani','fdsfsdgdsg',2,1,'N','ACTIVE');
--rollback truncate table `st_rm_role_master`;
/*Data for the table `st_rm_tier_master` */

insert  into `st_rm_tier_master`(`tier_id`,`tier_name`,`tier_code`,`tier_status`,`parent_tier_id`) values (1,'Back Office','BO','ACTIVE',0),(2,'AGENT','AGENT','ACTIVE',1),(3,'RETAILER','RETAILER','ACTIVE',2),(4,'Player','PLAYER','ACTIVE',0);
--rollback truncate table `st_rm_tier_master`;
/*Data for the table `st_rm_user_action_mapping` */


/*Data for the table `st_sl_client_info_master` */

insert  into `st_sl_client_info_master`(`client_id`,`client_access_url`,`on_activity`,`STATUS`) values (1,'localhost:8081/PMS/com/skilrock/pms/sportsLottery/drawMgmt/Action/slResultNotify.action','RESULT_SUBMISSION','ACTIVE');
--rollback truncate table `st_sl_client_info_master`;
/*Data for the table `st_sl_country_master` */

insert  into `st_sl_country_master`(`country_id`,`country_code`,`country_name`,`status`) values (1,'ZIM','ZIMBABWE','ACTIVE');
--rollback truncate table `st_sl_country_master`;
/*Data for the table `st_sl_game_master` */

insert  into `st_sl_game_master`(`game_id`,`game_dev_name`,`game_status`) values (1,'SOCCER','SALE_OPEN');
--rollback truncate table `st_sl_game_master`;
/*Data for the table `st_sl_game_merchant_mapping` */

/*Data for the table `st_sl_game_type_master` */

insert  into `st_sl_game_type_master`(`game_type_id`,`game_id`,`type_dev_name`,`no_of_events`,`event_type`,`table_query`,`type_status`,`jackpot_sale_percent`) values (1,1,'soccer13','13','SIMPLE','( `trans_id` bigint(20) unsigned NOT NULL,\r\n  `draw_id` int(11) NOT NULL DEFAULT \'0\',\r\n  `board_id` int(11) NOT NULL DEFAULT \'0\',\r\n  `line_id` int(11) NOT NULL DEFAULT \'0\',\r\n  `ticket_number` bigint(20) NOT NULL DEFAULT \'0\',\r\n  `purchase_channel` enum(\'WEB\',\'TERMINAL\',\'MOBILE\',\'PORTAL\') DEFAULT NULL,\r\n  `merchant_id` int(11) DEFAULT NULL,\r\n  `purchase_date` datetime DEFAULT NULL,\r\n  `party_id` int(11) DEFAULT NULL,\r\n  `event_1` char(20) DEFAULT NULL,\r\n  `event_2` char(20) DEFAULT NULL,\r\n  `event_3` char(20) DEFAULT NULL,\r\n  `event_4` char(20) DEFAULT NULL,\r\n  `event_5` char(20) DEFAULT NULL,\r\n  `event_6` char(20) DEFAULT NULL,\r\n  `event_7` char(20) DEFAULT NULL,\r\n  `event_8` char(20) DEFAULT NULL,\r\n  `event_9` char(20) DEFAULT NULL,\r\n  `event_10` char(20) DEFAULT NULL,\r\n  `event_11` char(20) DEFAULT NULL,\r\n  `event_12` char(20) DEFAULT NULL,\r\n   `event_13` char(20) DEFAULT NULL,\r\n  `no_events` int(11) DEFAULT NULL,\r\n  `bet_amount_multiple` int(11) DEFAULT NULL,\r\n  `unit_price` decimal(10,2) DEFAULT NULL,\r\n  `status` enum(\'UNCLAIMED\',\'CLAIMED\',\'CANCELLED\',\'FAILED\') DEFAULT NULL,\r\n  `rank_id` int(11) DEFAULT NULL,\r\n  `verification_code` varchar(10) NULL,\r\n  KEY `newIndex` (`ticket_number`,`board_id`,`line_id`,`draw_id`)\r\n) ENGINE=InnoDB DEFAULT CHARSET=latin1','SALE_OPEN','15.00'),(2,1,'soccer10','10','SIMPLE','( `trans_id` bigint(20) unsigned NOT NULL,\r\n  `draw_id` int(11) NOT NULL DEFAULT \'0\',\r\n  `board_id` int(11) NOT NULL DEFAULT \'0\',\r\n  `line_id` int(11) NOT NULL DEFAULT \'0\',\r\n  `ticket_number` bigint(20) NOT NULL DEFAULT \'0\',\r\n  `purchase_channel` enum(\'WEB\',\'TERMINAL\',\'MOBILE\',\'PORTAL\') DEFAULT NULL,\r\n  `merchant_id` int(11) DEFAULT NULL,\r\n  `purchase_date` datetime DEFAULT NULL,\r\n  `party_id` int(11) DEFAULT NULL,\r\n  `event_1` char(20) DEFAULT NULL,\r\n  `event_2` char(20) DEFAULT NULL,\r\n  `event_3` char(20) DEFAULT NULL,\r\n  `event_4` char(20) DEFAULT NULL,\r\n  `event_5` char(20) DEFAULT NULL,\r\n  `event_6` char(20) DEFAULT NULL,\r\n  `event_7` char(20) DEFAULT NULL,\r\n  `event_8` char(20) DEFAULT NULL,\r\n  `event_9` char(20) DEFAULT NULL,\r\n  `event_10` char(20) DEFAULT NULL,\r\n `no_events` int(11) DEFAULT NULL,\r\n  `bet_amount_multiple` int(11) DEFAULT NULL,\r\n  `unit_price` decimal(10,2) DEFAULT NULL,\r\n  `status` enum(\'UNCLAIMED\',\'CLAIMED\',\'CANCELLED\',\'FAILED\') DEFAULT NULL,\r\n  `rank_id` int(11) DEFAULT NULL,\r\n `verification_code` varchar(10) NULL,\r\n  KEY `newIndex` (`ticket_number`,`board_id`,`line_id`,`draw_id`)\r\n) ENGINE=InnoDB DEFAULT CHARSET=latin1','SALE_OPEN','21.00'),(3,1,'soccer6','6','SIMPLE','( `trans_id` bigint(20) unsigned NOT NULL,\r\n  `draw_id` int(11) NOT NULL DEFAULT \'0\',\r\n  `board_id` int(11) NOT NULL DEFAULT \'0\',\r\n  `line_id` int(11) NOT NULL DEFAULT \'0\',\r\n  `ticket_number` bigint(20) NOT NULL DEFAULT \'0\',\r\n  `purchase_channel` enum(\'WEB\',\'TERMINAL\',\'MOBILE\',\'PORTAL\') DEFAULT NULL,\r\n  `merchant_id` int(11) DEFAULT NULL,\r\n  `purchase_date` datetime DEFAULT NULL,\r\n  `party_id` int(11) DEFAULT NULL,\r\n  `event_1` char(20) DEFAULT NULL,\r\n  `event_2` char(20) DEFAULT NULL,\r\n  `event_3` char(20) DEFAULT NULL,\r\n  `event_4` char(20) DEFAULT NULL,\r\n  `event_5` char(20) DEFAULT NULL,\r\n  `event_6` char(20) DEFAULT NULL,\r\n `no_events` int(11) DEFAULT NULL,\r\n  `bet_amount_multiple` int(11) DEFAULT NULL,\r\n  `unit_price` decimal(10,2) DEFAULT NULL,\r\n  `status` enum(\'UNCLAIMED\',\'CLAIMED\',\'CANCELLED\',\'FAILED\') DEFAULT NULL,\r\n  `rank_id` int(11) DEFAULT NULL,\r\n `verification_code` varchar(10) NULL,\r\n  KEY `newIndex` (`ticket_number`,`board_id`,`line_id`,`draw_id`)\r\n) ENGINE=InnoDB DEFAULT CHARSET=latin1','SALE_OPEN','0.00'),(4,1,'soccer4','4','SIMPLE','( `trans_id` bigint(20) unsigned NOT NULL,\r\n  `draw_id` int(11) NOT NULL DEFAULT \'0\',\r\n  `board_id` int(11) NOT NULL DEFAULT \'0\',\r\n  `line_id` int(11) NOT NULL DEFAULT \'0\',\r\n  `ticket_number` bigint(20) NOT NULL DEFAULT \'0\',\r\n  `purchase_channel` enum(\'WEB\',\'TERMINAL\',\'MOBILE\',\'PORTAL\') DEFAULT NULL,\r\n  `merchant_id` int(11) DEFAULT NULL,\r\n  `purchase_date` datetime DEFAULT NULL,\r\n  `party_id` int(11) DEFAULT NULL,\r\n  `event_1` char(20) DEFAULT NULL,\r\n  `event_2` char(20) DEFAULT NULL,\r\n  `event_3` char(20) DEFAULT NULL,\r\n  `event_4` char(20) DEFAULT NULL,\r\n `no_events` int(11) DEFAULT NULL,\r\n  `bet_amount_multiple` int(11) DEFAULT NULL,\r\n  `unit_price` decimal(10,2) DEFAULT NULL,\r\n  `status` enum(\'UNCLAIMED\',\'CLAIMED\',\'CANCELLED\',\'FAILED\') DEFAULT NULL,\r\n  `rank_id` int(11) DEFAULT NULL,\r\n `verification_code` varchar(10) NULL,\r\n  KEY `newIndex` (`ticket_number`,`board_id`,`line_id`,`draw_id`)\r\n) ENGINE=InnoDB DEFAULT CHARSET=latin1','SALE_OPEN','0.00');
--rollback truncate table `st_sl_game_type_master`;
/*Data for the table `st_sl_league_master` */


/*Data for the table `st_sl_merchant_master` */

insert into `st_sl_merchant_master` (`merchant_id`, `merchant_name`, `merchant_dev_name`, `service_id`, `registration_date`, `protocol`, `merchant_ip`, `port`, `project_name`, `merchant_user_name`, `merchant_password`, `status`, `alias_name`) values('1','PMS','PMS','3','2013-12-17 12:00:00','http','localhost','8081','PMS','E49B4EF3-1511-4B8B-86D2-CE78DA0F74D7','p@55w0rd','ACTIVE',NULL);
insert into `st_sl_merchant_master` (`merchant_id`, `merchant_name`, `merchant_dev_name`, `service_id`, `registration_date`, `protocol`, `merchant_ip`, `port`, `project_name`, `merchant_user_name`, `merchant_password`, `status`, `alias_name`) values('2','RMS','RMS','6','2013-12-17 12:00:00','http','localhost','8085','RMS','E49B4EF3-1511-4B8B-86D2-CE78DA0F74D6','p@55w0rd','ACTIVE',NULL);
insert into `st_sl_merchant_master` (`merchant_id`, `merchant_name`, `merchant_dev_name`, `service_id`, `registration_date`, `protocol`, `merchant_ip`, `port`, `project_name`, `merchant_user_name`, `merchant_password`, `status`, `alias_name`) values('3','OKPOS','OKPOS','2',NULL,NULL,NULL,NULL,NULL,'okpos','P@$$w0rD','INACTIVE',NULL);
insert into `st_sl_merchant_master` (`merchant_id`, `merchant_name`, `merchant_dev_name`, `service_id`, `registration_date`, `protocol`, `merchant_ip`, `port`, `project_name`, `merchant_user_name`, `merchant_password`, `status`, `alias_name`) values('4','Asoft','Asoft','4',NULL,NULL,NULL,NULL,NULL,'afrosoft','Zgro6kTae@QY=','INACTIVE',NULL);
insert into `st_sl_merchant_master` (`merchant_id`, `merchant_name`, `merchant_dev_name`, `service_id`, `registration_date`, `protocol`, `merchant_ip`, `port`, `project_name`, `merchant_user_name`, `merchant_password`, `status`, `alias_name`) values('5','Weaver','Weaver','5',NULL,'http','ala.winweaver.com','80','Weaver','E49B4EF3-1511-4B8B-86D2-CE78DA0F74D6','P@$$w0rD','ACTIVE','www.africalotto.co.zw');
insert into `st_sl_merchant_master` (`merchant_id`, `merchant_name`, `merchant_dev_name`, `service_id`, `registration_date`, `protocol`, `merchant_ip`, `port`, `project_name`, `merchant_user_name`, `merchant_password`, `status`, `alias_name`) values('6','TonyBet','TonyBet','7',NULL,'http','wintest.tonybet.com','80','TGBetWebApiDev','E49B4EF3-1511-4B8B-86D2-CE78DA0F74D7','P@$$w0rD','ACTIVE',NULL);
--rollback truncate table `st_sl_merchant_master`;

/*Data for the table `st_sl_option_master` */

insert  into `st_sl_option_master`(`option_id`,`option_dev_name`,`option_disp_name`,`status`) values (1,'H','HOME','ACTIVE'),(2,'D','DRAW','ACTIVE'),(3,'A','AWAY','ACTIVE'),(4,'H+','HOME(+2)','ACTIVE'),(5,'H','HOME','ACTIVE'),(6,'A+','AWAY(+2)','ACTIVE'),(7,'A','AWAY','ACTIVE'),(8,'C','CANCEL','ACTIVE');
--rollback truncate table `st_sl_option_master`;


/*Data for the table `st_sl_schedular_merchant_mapping` */

insert  into `st_sl_schedular_merchant_mapping`(`map_id`,`schedular_id`,`merchant_id`,`draw_data`) values (2,1,1,'{\r\n  \"WEEKLY\": {\r\n    \"THU\": {\r\n      \"1\": {\r\n        \"drawName\": \"THURSDAY-S13\",\r\n        \"verificationDays\": 0,\r\n        \"claimStartDays\": 0,\r\n        \"claimEndDays\": -15,\r\n        \"drawDisplayType\": \"DRAW_NAME\",\r\n        \"eventStartId\": 1\r\n      }\r\n    },\r\n    \"SUN\": {\r\n      \"1\": {\r\n        \"drawName\": \"SUNDAY-S13\",\r\n        \"verificationDays\": 0,\r\n        \"claimStartDays\": 0,\r\n        \"claimEndDays\": -15,\r\n        \"drawDisplayType\": \"DRAW_NAME\",\r\n        \"eventStartId\": 1\r\n      }\r\n    }\r\n  }\r\n}\r\n'),(3,1,2,'{\r\n  \"WEEKLY\": {\r\n    \"THU\": {\r\n      \"1\": {\r\n        \"drawName\": \"THURSDAY-S13\",\r\n        \"verificationDays\": 0,\r\n        \"claimStartDays\": 0,\r\n        \"claimEndDays\": -15,\r\n        \"drawDisplayType\": \"DRAW_NAME\",\r\n        \"eventStartId\": 1\r\n      }\r\n    },\r\n    \"SUN\": {\r\n      \"1\": {\r\n        \"drawName\": \"SUNDAY-S13\",\r\n        \"verificationDays\": 0,\r\n        \"claimStartDays\": 0,\r\n        \"claimEndDays\": -15,\r\n        \"drawDisplayType\": \"DRAW_NAME\",\r\n        \"eventStartId\": 1\r\n      }\r\n    }\r\n  }\r\n}\r\n'),(4,2,1,'{\r\n  \"WEEKLY\": {\r\n    \"THU\": {\r\n      \"1\": {\r\n        \"drawName\": \"THURSDAY-S10\",\r\n        \"verificationDays\": 0,\r\n        \"claimStartDays\": 0,\r\n        \"claimEndDays\": -15,\r\n        \"drawDisplayType\": \"DRAW_NAME\",\r\n        \"eventStartId\": 1\r\n      }\r\n    },\r\n    \"SUN\": {\r\n      \"1\": {\r\n        \"drawName\": \"SUNDAY-S10\",\r\n        \"verificationDays\": 0,\r\n        \"claimStartDays\": 0,\r\n        \"claimEndDays\": -15,\r\n        \"drawDisplayType\": \"DRAW_NAME\",\r\n        \"eventStartId\": 1\r\n      }\r\n    }\r\n  }\r\n}\r\n'),(5,2,2,'{\r\n  \"WEEKLY\": {\r\n    \"THU\": {\r\n      \"1\": {\r\n        \"drawName\": \"THURSDAY-S10\",\r\n        \"verificationDays\": 0,\r\n        \"claimStartDays\": 0,\r\n        \"claimEndDays\": -15,\r\n        \"drawDisplayType\": \"DRAW_NAME\",\r\n        \"eventStartId\": 1\r\n      }\r\n    },\r\n    \"SUN\": {\r\n      \"1\": {\r\n        \"drawName\": \"SUNDAY-S10\",\r\n        \"verificationDays\": 0,\r\n        \"claimStartDays\": 0,\r\n        \"claimEndDays\": -15,\r\n        \"drawDisplayType\": \"DRAW_NAME\",\r\n        \"eventStartId\": 1\r\n      }\r\n    }\r\n  }\r\n}\r\n'),(6,3,1,'{\r\n  \"WEEKLY\": {\r\n    \"MON\": {\r\n      \"1\": {\r\n        \"drawName\": \"MONDAY-S6\",\r\n        \"verificationDays\": 0,\r\n        \"claimStartDays\": 0,\r\n        \"claimEndDays\": -15,\r\n        \"drawDisplayType\": \"DRAW_NAME\",\r\n        \"eventStartId\": 1\r\n      }\r\n    },\r\n    \"TUE\": {\r\n      \"1\": {\r\n        \"drawName\": \"TUESDAY-S6\",\r\n        \"verificationDays\": 0,\r\n        \"claimStartDays\": 0,\r\n        \"claimEndDays\": -15,\r\n        \"drawDisplayType\": \"DRAW_NAME\",\r\n        \"eventStartId\": 1\r\n      }\r\n    },\r\n    \"WED\": {\r\n      \"1\": {\r\n        \"drawName\": \"WEDNESDAY-S6\",\r\n        \"verificationDays\": 0,\r\n        \"claimStartDays\": 0,\r\n        \"claimEndDays\": -15,\r\n        \"drawDisplayType\": \"DRAW_NAME\",\r\n        \"eventStartId\": 1\r\n      }\r\n    },\r\n    \"THU\": {\r\n      \"1\": {\r\n        \"drawName\": \"THURSDAY-S6\",\r\n        \"verificationDays\": 0,\r\n        \"claimStartDays\": 0,\r\n        \"claimEndDays\": -15,\r\n        \"drawDisplayType\": \"DRAW_NAME\",\r\n        \"eventStartId\": 1\r\n      }\r\n    },\r\n    \"FRI\": {\r\n      \"1\": {\r\n        \"drawName\": \"FRIDAY-S6\",\r\n        \"verificationDays\": 0,\r\n        \"claimStartDays\": 0,\r\n        \"claimEndDays\": -15,\r\n        \"drawDisplayType\": \"DRAW_NAME\",\r\n        \"eventStartId\": 1\r\n      }\r\n    },\r\n    \"SAT\": {\r\n      \"1\": {\r\n        \"drawName\": \"SATURDAY-S6\",\r\n        \"verificationDays\": 0,\r\n        \"claimStartDays\": 0,\r\n        \"claimEndDays\": -15,\r\n        \"drawDisplayType\": \"DRAW_NAME\",\r\n        \"eventStartId\": 1\r\n      }\r\n    },\r\n    \"SUN\": {\r\n      \"1\": {\r\n        \"drawName\": \"SUNDAY-S6\",\r\n        \"verificationDays\": 0,\r\n        \"claimStartDays\": 0,\r\n        \"claimEndDays\": -15,\r\n        \"drawDisplayType\": \"DRAW_NAME\",\r\n        \"eventStartId\": 1\r\n      }\r\n    }\r\n  }\r\n}\r\n'),(7,3,2,'{\r\n  \"WEEKLY\": {\r\n    \"MON\": {\r\n      \"1\": {\r\n        \"drawName\": \"MONDAY-S6\",\r\n        \"verificationDays\": 0,\r\n        \"claimStartDays\": 0,\r\n        \"claimEndDays\": -15,\r\n        \"drawDisplayType\": \"DRAW_NAME\",\r\n        \"eventStartId\": 1\r\n      }\r\n    },\r\n    \"TUE\": {\r\n      \"1\": {\r\n        \"drawName\": \"TUESDAY-S6\",\r\n        \"verificationDays\": 0,\r\n        \"claimStartDays\": 0,\r\n        \"claimEndDays\": -15,\r\n        \"drawDisplayType\": \"DRAW_NAME\",\r\n        \"eventStartId\": 1\r\n      }\r\n    },\r\n    \"WED\": {\r\n      \"1\": {\r\n        \"drawName\": \"WEDNESDAY-S6\",\r\n        \"verificationDays\": 0,\r\n        \"claimStartDays\": 0,\r\n        \"claimEndDays\": -15,\r\n        \"drawDisplayType\": \"DRAW_NAME\",\r\n        \"eventStartId\": 1\r\n      }\r\n    },\r\n    \"THU\": {\r\n      \"1\": {\r\n        \"drawName\": \"THURSDAY-S6\",\r\n        \"verificationDays\": 0,\r\n        \"claimStartDays\": 0,\r\n        \"claimEndDays\": -15,\r\n        \"drawDisplayType\": \"DRAW_NAME\",\r\n        \"eventStartId\": 1\r\n      }\r\n    },\r\n    \"FRI\": {\r\n      \"1\": {\r\n        \"drawName\": \"FRIDAY-S6\",\r\n        \"verificationDays\": 0,\r\n        \"claimStartDays\": 0,\r\n        \"claimEndDays\": -15,\r\n        \"drawDisplayType\": \"DRAW_NAME\",\r\n        \"eventStartId\": 1\r\n      }\r\n    },\r\n    \"SAT\": {\r\n      \"1\": {\r\n        \"drawName\": \"SATURDAY-S6\",\r\n        \"verificationDays\": 0,\r\n        \"claimStartDays\": 0,\r\n        \"claimEndDays\": -15,\r\n        \"drawDisplayType\": \"DRAW_NAME\",\r\n        \"eventStartId\": 1\r\n      }\r\n    },\r\n    \"SUN\": {\r\n      \"1\": {\r\n        \"drawName\": \"SUNDAY-S6\",\r\n        \"verificationDays\": 0,\r\n        \"claimStartDays\": 0,\r\n        \"claimEndDays\": -15,\r\n        \"drawDisplayType\": \"DRAW_NAME\",\r\n        \"eventStartId\": 1\r\n      }\r\n    }\r\n  }\r\n}\r\n'),(8,4,1,'{\r\n  \"WEEKLY\": {\r\n    \"MON\": {\r\n      \"1\": {\r\n        \"drawName\": \"MONDAY-S4\",\r\n        \"verificationDays\": 0,\r\n        \"claimStartDays\": 0,\r\n        \"claimEndDays\": -15,\r\n        \"drawDisplayType\": \"DRAW_NAME\",\r\n        \"eventStartId\": 1\r\n      }\r\n    },\r\n    \"TUE\": {\r\n      \"1\": {\r\n        \"drawName\": \"TUESDAY-S4\",\r\n        \"verificationDays\": 0,\r\n        \"claimStartDays\": 0,\r\n        \"claimEndDays\": -15,\r\n        \"drawDisplayType\": \"DRAW_NAME\",\r\n        \"eventStartId\": 1\r\n      }\r\n    },\r\n    \"WED\": {\r\n      \"1\": {\r\n        \"drawName\": \"WEDNESDAY-S4\",\r\n        \"verificationDays\": 0,\r\n        \"claimStartDays\": 0,\r\n        \"claimEndDays\": -15,\r\n        \"drawDisplayType\": \"DRAW_NAME\",\r\n        \"eventStartId\": 1\r\n      }\r\n    },\r\n    \"THU\": {\r\n      \"1\": {\r\n        \"drawName\": \"THURSDAY-S4\",\r\n        \"verificationDays\": 0,\r\n        \"claimStartDays\": 0,\r\n        \"claimEndDays\": -15,\r\n        \"drawDisplayType\": \"DRAW_NAME\",\r\n        \"eventStartId\": 1\r\n      }\r\n    },\r\n    \"FRI\": {\r\n      \"1\": {\r\n        \"drawName\": \"FRIDAY-S4\",\r\n        \"verificationDays\": 0,\r\n        \"claimStartDays\": 0,\r\n        \"claimEndDays\": -15,\r\n        \"drawDisplayType\": \"DRAW_NAME\",\r\n        \"eventStartId\": 1\r\n      }\r\n    },\r\n    \"SAT\": {\r\n      \"1\": {\r\n        \"drawName\": \"SATURDAY-S4\",\r\n        \"verificationDays\": 0,\r\n        \"claimStartDays\": 0,\r\n        \"claimEndDays\": -15,\r\n        \"drawDisplayType\": \"DRAW_NAME\",\r\n        \"eventStartId\": 1\r\n      }\r\n    },\r\n    \"SUN\": {\r\n      \"1\": {\r\n        \"drawName\": \"SUNDAY-S4\",\r\n        \"verificationDays\": 0,\r\n        \"claimStartDays\": 0,\r\n        \"claimEndDays\": -15,\r\n        \"drawDisplayType\": \"DRAW_NAME\",\r\n        \"eventStartId\": 1\r\n      }\r\n    }\r\n  }\r\n}\r\n'),(9,4,2,'{\r\n  \"WEEKLY\": {\r\n    \"MON\": {\r\n      \"1\": {\r\n        \"drawName\": \"MONDAY-S4\",\r\n        \"verificationDays\": 0,\r\n        \"claimStartDays\": 0,\r\n        \"claimEndDays\": -15,\r\n        \"drawDisplayType\": \"DRAW_NAME\",\r\n        \"eventStartId\": 1\r\n      }\r\n    },\r\n    \"TUE\": {\r\n      \"1\": {\r\n        \"drawName\": \"TUESDAY-S4\",\r\n        \"verificationDays\": 0,\r\n        \"claimStartDays\": 0,\r\n        \"claimEndDays\": -15,\r\n        \"drawDisplayType\": \"DRAW_NAME\",\r\n        \"eventStartId\": 1\r\n      }\r\n    },\r\n    \"WED\": {\r\n      \"1\": {\r\n        \"drawName\": \"WEDNESDAY-S4\",\r\n        \"verificationDays\": 0,\r\n        \"claimStartDays\": 0,\r\n        \"claimEndDays\": -15,\r\n        \"drawDisplayType\": \"DRAW_NAME\",\r\n        \"eventStartId\": 1\r\n      }\r\n    },\r\n    \"THU\": {\r\n      \"1\": {\r\n        \"drawName\": \"THURSDAY-S4\",\r\n        \"verificationDays\": 0,\r\n        \"claimStartDays\": 0,\r\n        \"claimEndDays\": -15,\r\n        \"drawDisplayType\": \"DRAW_NAME\",\r\n        \"eventStartId\": 1\r\n      }\r\n    },\r\n    \"FRI\": {\r\n      \"1\": {\r\n        \"drawName\": \"FRIDAY-S4\",\r\n        \"verificationDays\": 0,\r\n        \"claimStartDays\": 0,\r\n        \"claimEndDays\": -15,\r\n        \"drawDisplayType\": \"DRAW_NAME\",\r\n        \"eventStartId\": 1\r\n      }\r\n    },\r\n    \"SAT\": {\r\n      \"1\": {\r\n        \"drawName\": \"SATURDAY-S4\",\r\n        \"verificationDays\": 0,\r\n        \"claimStartDays\": 0,\r\n        \"claimEndDays\": -15,\r\n        \"drawDisplayType\": \"DRAW_NAME\",\r\n        \"eventStartId\": 1\r\n      }\r\n    },\r\n    \"SUN\": {\r\n      \"1\": {\r\n        \"drawName\": \"SUNDAY-S4\",\r\n        \"verificationDays\": 0,\r\n        \"claimStartDays\": 0,\r\n        \"claimEndDays\": -15,\r\n        \"drawDisplayType\": \"DRAW_NAME\",\r\n        \"eventStartId\": 1\r\n      }\r\n    }\r\n  }\r\n}\r\n'),(13,1,3,'{\r\n  \"WEEKLY\": {\r\n    \"THU\": {\r\n      \"1\": {\r\n        \"drawName\": \"THURSDAY-S13\",\r\n        \"verificationDays\": -1,\r\n        \"claimStartDays\": -1,\r\n        \"claimEndDays\": -15,\r\n        \"drawDisplayType\": \"DRAW_NAME\",\r\n        \"eventStartId\": 1\r\n      }\r\n    },\r\n    \"SUN\": {\r\n      \"1\": {\r\n        \"drawName\": \"SUNDAY-S13\",\r\n        \"verificationDays\": -1,\r\n        \"claimStartDays\": -1,\r\n        \"claimEndDays\": -15,\r\n        \"drawDisplayType\": \"DRAW_NAME\",\r\n        \"eventStartId\": 1\r\n      }\r\n    }\r\n  }\r\n}\r\n'),(14,1,4,'{\r\n  \"WEEKLY\": {\r\n    \"THU\": {\r\n      \"1\": {\r\n        \"drawName\": \"THURSDAY-S13\",\r\n        \"verificationDays\": -1,\r\n        \"claimStartDays\": -1,\r\n        \"claimEndDays\": -15,\r\n        \"drawDisplayType\": \"DRAW_NAME\",\r\n        \"eventStartId\": 1\r\n      }\r\n    },\r\n    \"SUN\": {\r\n      \"1\": {\r\n        \"drawName\": \"SUNDAY-S13\",\r\n        \"verificationDays\": -1,\r\n        \"claimStartDays\": -1,\r\n        \"claimEndDays\": -15,\r\n        \"drawDisplayType\": \"DRAW_NAME\",\r\n        \"eventStartId\": 1\r\n      }\r\n    }\r\n  }\r\n}\r\n'),(15,2,3,'{\r\n  \"WEEKLY\": {\r\n    \"THU\": {\r\n      \"1\": {\r\n        \"drawName\": \"THURSDAY-S10\",\r\n        \"verificationDays\": -1,\r\n        \"claimStartDays\": -1,\r\n        \"claimEndDays\": -15,\r\n        \"drawDisplayType\": \"DRAW_NAME\",\r\n        \"eventStartId\": 1\r\n      }\r\n    },\r\n    \"SUN\": {\r\n      \"1\": {\r\n        \"drawName\": \"SUNDAY-S10\",\r\n        \"verificationDays\": -1,\r\n        \"claimStartDays\": -1,\r\n        \"claimEndDays\": -15,\r\n        \"drawDisplayType\": \"DRAW_NAME\",\r\n        \"eventStartId\": 1\r\n      }\r\n    }\r\n  }\r\n}'),(16,2,4,'{\r\n  \"WEEKLY\": {\r\n    \"THU\": {\r\n      \"1\": {\r\n        \"drawName\": \"THURSDAY-S10\",\r\n        \"verificationDays\": -1,\r\n        \"claimStartDays\": -1,\r\n        \"claimEndDays\": -15,\r\n        \"drawDisplayType\": \"DRAW_NAME\",\r\n        \"eventStartId\": 1\r\n      }\r\n    },\r\n    \"SUN\": {\r\n      \"1\": {\r\n        \"drawName\": \"SUNDAY-S10\",\r\n        \"verificationDays\": -1,\r\n        \"claimStartDays\": -1,\r\n        \"claimEndDays\": -15,\r\n        \"drawDisplayType\": \"DRAW_NAME\",\r\n        \"eventStartId\": 1\r\n      }\r\n    }\r\n  }\r\n}'),(17,3,3,'{\r\n  \"WEEKLY\": {\r\n    \"MON\": {\r\n      \"1\": {\r\n        \"drawName\": \"MONDAY-S6\",\r\n        \"verificationDays\": -1,\r\n        \"claimStartDays\": -1,\r\n        \"claimEndDays\": -15,\r\n        \"drawDisplayType\": \"DRAW_NAME\",\r\n        \"eventStartId\": 1\r\n      }\r\n    },\r\n    \"TUE\": {\r\n      \"1\": {\r\n        \"drawName\": \"TUESDAY-S6\",\r\n        \"verificationDays\": -1,\r\n        \"claimStartDays\": -1,\r\n        \"claimEndDays\": -15,\r\n        \"drawDisplayType\": \"DRAW_NAME\",\r\n        \"eventStartId\": 1\r\n      }\r\n    },\r\n    \"WED\": {\r\n      \"1\": {\r\n        \"drawName\": \"WEDNESDAY-S6\",\r\n        \"verificationDays\": -1,\r\n        \"claimStartDays\": -1,\r\n        \"claimEndDays\": -15,\r\n        \"drawDisplayType\": \"DRAW_NAME\",\r\n        \"eventStartId\": 1\r\n      }\r\n    },\r\n    \"THU\": {\r\n      \"1\": {\r\n        \"drawName\": \"THURSDAY-S6\",\r\n        \"verificationDays\": -1,\r\n        \"claimStartDays\": -1,\r\n        \"claimEndDays\": -15,\r\n        \"drawDisplayType\": \"DRAW_NAME\",\r\n        \"eventStartId\": 1\r\n      }\r\n    },\r\n    \"FRI\": {\r\n      \"1\": {\r\n        \"drawName\": \"FRIDAY-S6\",\r\n        \"verificationDays\": -1,\r\n        \"claimStartDays\": -1,\r\n        \"claimEndDays\": -15,\r\n        \"drawDisplayType\": \"DRAW_NAME\",\r\n        \"eventStartId\": 1\r\n      }\r\n    },\r\n    \"SAT\": {\r\n      \"1\": {\r\n        \"drawName\": \"SATURDAY-S6\",\r\n        \"verificationDays\": -1,\r\n        \"claimStartDays\": -1,\r\n        \"claimEndDays\": -15,\r\n        \"drawDisplayType\": \"DRAW_NAME\",\r\n        \"eventStartId\": 1\r\n      }\r\n    },\r\n    \"SUN\": {\r\n      \"1\": {\r\n        \"drawName\": \"SUNDAY-S6\",\r\n        \"verificationDays\": -1,\r\n        \"claimStartDays\": -1,\r\n        \"claimEndDays\": -15,\r\n        \"drawDisplayType\": \"DRAW_NAME\",\r\n        \"eventStartId\": 1\r\n      }\r\n    }\r\n  }\r\n}\r\n'),(18,3,4,'{\r\n  \"WEEKLY\": {\r\n    \"MON\": {\r\n      \"1\": {\r\n        \"drawName\": \"MONDAY-S6\",\r\n        \"verificationDays\": -1,\r\n        \"claimStartDays\": -1,\r\n        \"claimEndDays\": -15,\r\n        \"drawDisplayType\": \"DRAW_NAME\",\r\n        \"eventStartId\": 1\r\n      }\r\n    },\r\n    \"TUE\": {\r\n      \"1\": {\r\n        \"drawName\": \"TUESDAY-S6\",\r\n        \"verificationDays\": -1,\r\n        \"claimStartDays\": -1,\r\n        \"claimEndDays\": -15,\r\n        \"drawDisplayType\": \"DRAW_NAME\",\r\n        \"eventStartId\": 1\r\n      }\r\n    },\r\n    \"WED\": {\r\n      \"1\": {\r\n        \"drawName\": \"WEDNESDAY-S6\",\r\n        \"verificationDays\": -1,\r\n        \"claimStartDays\": -1,\r\n        \"claimEndDays\": -15,\r\n        \"drawDisplayType\": \"DRAW_NAME\",\r\n        \"eventStartId\": 1\r\n      }\r\n    },\r\n    \"THU\": {\r\n      \"1\": {\r\n        \"drawName\": \"THURSDAY-S6\",\r\n        \"verificationDays\": -1,\r\n        \"claimStartDays\": -1,\r\n        \"claimEndDays\": -15,\r\n        \"drawDisplayType\": \"DRAW_NAME\",\r\n        \"eventStartId\": 1\r\n      }\r\n    },\r\n    \"FRI\": {\r\n      \"1\": {\r\n        \"drawName\": \"FRIDAY-S6\",\r\n        \"verificationDays\": -1,\r\n        \"claimStartDays\": -1,\r\n        \"claimEndDays\": -15,\r\n        \"drawDisplayType\": \"DRAW_NAME\",\r\n        \"eventStartId\": 1\r\n      }\r\n    },\r\n    \"SAT\": {\r\n      \"1\": {\r\n        \"drawName\": \"SATURDAY-S6\",\r\n        \"verificationDays\": -1,\r\n        \"claimStartDays\": -1,\r\n        \"claimEndDays\": -15,\r\n        \"drawDisplayType\": \"DRAW_NAME\",\r\n        \"eventStartId\": 1\r\n      }\r\n    },\r\n    \"SUN\": {\r\n      \"1\": {\r\n        \"drawName\": \"SUNDAY-S6\",\r\n        \"verificationDays\": -1,\r\n        \"claimStartDays\": -1,\r\n        \"claimEndDays\": -15,\r\n        \"drawDisplayType\": \"DRAW_NAME\",\r\n        \"eventStartId\": 1\r\n      }\r\n    }\r\n  }\r\n}\r\n'),(19,4,3,'{\r\n  \"WEEKLY\": {\r\n    \"MON\": {\r\n      \"1\": {\r\n        \"drawName\": \"MONDAY-S4\",\r\n        \"verificationDays\": -1,\r\n        \"claimStartDays\": -1,\r\n        \"claimEndDays\": -15,\r\n        \"drawDisplayType\": \"DRAW_NAME\",\r\n        \"eventStartId\": 1\r\n      }\r\n    },\r\n    \"TUE\": {\r\n      \"1\": {\r\n        \"drawName\": \"TUESDAY-S4\",\r\n        \"verificationDays\": -1,\r\n        \"claimStartDays\": -1,\r\n        \"claimEndDays\": -15,\r\n        \"drawDisplayType\": \"DRAW_NAME\",\r\n        \"eventStartId\": 1\r\n      }\r\n    },\r\n    \"WED\": {\r\n      \"1\": {\r\n        \"drawName\": \"WEDNESDAY-S4\",\r\n        \"verificationDays\": -1,\r\n        \"claimStartDays\": -1,\r\n        \"claimEndDays\": -15,\r\n        \"drawDisplayType\": \"DRAW_NAME\",\r\n        \"eventStartId\": 1\r\n      }\r\n    },\r\n    \"THU\": {\r\n      \"1\": {\r\n        \"drawName\": \"THURSDAY-S4\",\r\n        \"verificationDays\": -1,\r\n        \"claimStartDays\": -1,\r\n        \"claimEndDays\": -15,\r\n        \"drawDisplayType\": \"DRAW_NAME\",\r\n        \"eventStartId\": 1\r\n      }\r\n    },\r\n    \"FRI\": {\r\n      \"1\": {\r\n        \"drawName\": \"FRIDAY-S4\",\r\n        \"verificationDays\": -1,\r\n        \"claimStartDays\": -1,\r\n        \"claimEndDays\": -15,\r\n        \"drawDisplayType\": \"DRAW_NAME\",\r\n        \"eventStartId\": 1\r\n      }\r\n    },\r\n    \"SAT\": {\r\n      \"1\": {\r\n        \"drawName\": \"SATURDAY-S4\",\r\n        \"verificationDays\": -1,\r\n        \"claimStartDays\": -1,\r\n        \"claimEndDays\": -15,\r\n        \"drawDisplayType\": \"DRAW_NAME\",\r\n        \"eventStartId\": 1\r\n      }\r\n    },\r\n    \"SUN\": {\r\n      \"1\": {\r\n        \"drawName\": \"SUNDAY-S4\",\r\n        \"verificationDays\": -1,\r\n        \"claimStartDays\": -1,\r\n        \"claimEndDays\": -15,\r\n        \"drawDisplayType\": \"DRAW_NAME\",\r\n        \"eventStartId\": 1\r\n      }\r\n    }\r\n  }\r\n}\r\n'),(20,4,4,'{\r\n  \"WEEKLY\": {\r\n    \"MON\": {\r\n      \"1\": {\r\n        \"drawName\": \"MONDAY-S4\",\r\n        \"verificationDays\": -1,\r\n        \"claimStartDays\": -1,\r\n        \"claimEndDays\": -15,\r\n        \"drawDisplayType\": \"DRAW_NAME\",\r\n        \"eventStartId\": 1\r\n      }\r\n    },\r\n    \"TUE\": {\r\n      \"1\": {\r\n        \"drawName\": \"TUESDAY-S4\",\r\n        \"verificationDays\": -1,\r\n        \"claimStartDays\": -1,\r\n        \"claimEndDays\": -15,\r\n        \"drawDisplayType\": \"DRAW_NAME\",\r\n        \"eventStartId\": 1\r\n      }\r\n    },\r\n    \"WED\": {\r\n      \"1\": {\r\n        \"drawName\": \"WEDNESDAY-S4\",\r\n        \"verificationDays\": -1,\r\n        \"claimStartDays\": -1,\r\n        \"claimEndDays\": -15,\r\n        \"drawDisplayType\": \"DRAW_NAME\",\r\n        \"eventStartId\": 1\r\n      }\r\n    },\r\n    \"THU\": {\r\n      \"1\": {\r\n        \"drawName\": \"THURSDAY-S4\",\r\n        \"verificationDays\": -1,\r\n        \"claimStartDays\": -1,\r\n        \"claimEndDays\": -15,\r\n        \"drawDisplayType\": \"DRAW_NAME\",\r\n        \"eventStartId\": 1\r\n      }\r\n    },\r\n    \"FRI\": {\r\n      \"1\": {\r\n        \"drawName\": \"FRIDAY-S4\",\r\n        \"verificationDays\": -1,\r\n        \"claimStartDays\": -1,\r\n        \"claimEndDays\": -15,\r\n        \"drawDisplayType\": \"DRAW_NAME\",\r\n        \"eventStartId\": 1\r\n      }\r\n    },\r\n    \"SAT\": {\r\n      \"1\": {\r\n        \"drawName\": \"SATURDAY-S4\",\r\n        \"verificationDays\": -1,\r\n        \"claimStartDays\": -1,\r\n        \"claimEndDays\": -15,\r\n        \"drawDisplayType\": \"DRAW_NAME\",\r\n        \"eventStartId\": 1\r\n      }\r\n    },\r\n    \"SUN\": {\r\n      \"1\": {\r\n        \"drawName\": \"SUNDAY-S4\",\r\n        \"verificationDays\": -1,\r\n        \"claimStartDays\": -1,\r\n        \"claimEndDays\": -15,\r\n        \"drawDisplayType\": \"DRAW_NAME\",\r\n        \"eventStartId\": 1\r\n      }\r\n    }\r\n  }\r\n}\r\n');
--rollback truncate table `st_sl_schedular_merchant_mapping`;

insert into `st_sl_property_master` (`id`, `property_code`, `property_dev_name`, `property_display_name`, `status`, `editable`, `value`, `value_type`, `description`) values('1','JTA_STATUS','JTA_STATUS','JTA Status','ACTIVE','YES','TRUE','String','To set JTA Enable/Disable');
insert into `st_sl_property_master` (`id`, `property_code`, `property_dev_name`, `property_display_name`, `status`, `editable`, `value`, `value_type`, `description`) values('2','SPORTS_LOTTERY_TICKET_TYPE','SPORTS_LOTTERY_TICKET_TYPE','Sports Lottery Ticket Type','ACTIVE','YES','TRUE','String','Sports Lottery Ticket Type');
insert into `st_sl_property_master` (`id`, `property_code`, `property_dev_name`, `property_display_name`, `status`, `editable`, `value`, `value_type`, `description`) values('3','ROLL_OVER_UPTO_DRAW','ROLL_OVER_UPTO_DRAW','Roll Over Upto Draw','ACTIVE','YES','500','Integer','Roll Over Upto Draw');
insert into `st_sl_property_master` (`id`, `property_code`, `property_dev_name`, `property_display_name`, `status`, `editable`, `value`, `value_type`, `description`) values('4','MATCH_LIST_PRINT_COUNT_LIMIT','MATCH_LIST_PRINT_COUNT_LIMIT','Match List Print Count','ACTIVE','YES','15000','Integer','Match List Count Limit');
insert into `st_sl_property_master` (`id`, `property_code`, `property_dev_name`, `property_display_name`, `status`, `editable`, `value`, `value_type`, `description`) values('5','IS_LAST_TICKET_CANCEL','IS_LAST_TICKET_CANCEL','Is Last Ticket Cancel','ACTIVE','YES','TRUE','String','Is Last Ticket Cancel');
insert into `st_sl_property_master` (`id`, `property_code`, `property_dev_name`, `property_display_name`, `status`, `editable`, `value`, `value_type`, `description`) values('6','IS_BARCODE_ENABLED','IS_BARCODE_ENABLED','Is Barcode Digits Enabled','ACTIVE','YES','FALSE','String','Is Barcode Digits Enabled On Terminal Tkts');
insert into `st_sl_property_master` (`id`, `property_code`, `property_dev_name`, `property_display_name`, `status`, `editable`, `value`, `value_type`, `description`) values('7','HARDCODED_JACKPOT_AMOUNT','HARDCODED_JACKPOT_AMOUNT','Hardcoded jackpot amont','INACTIVE','YES','1.00','Double','Hardcoded Jackpot Amount');
insert into `st_sl_property_master` (`id`, `property_code`, `property_dev_name`, `property_display_name`, `status`, `editable`, `value`, `value_type`, `description`) values('8','AUTO_CANCEL_CLOSER_DAYS','AUTO_CANCEL_CLOSER_DAYS','Auto Cancel Closer Days','ACTIVE','YES','2','Integer','Auto Cancel Closer Days');
insert into `st_sl_property_master` (`id`, `property_code`, `property_dev_name`, `property_display_name`, `status`, `editable`, `value`, `value_type`, `description`) values('9','JACKPOT_DISPLAY_AMOUNT','JACKPOT_DISPLAY_AMOUNT','Jackpot Display Amount','INACTIVE','YES','63','Integer','HARDCODED_JACKPOT_MESSAGE');
insert into `st_sl_property_master` (`id`, `property_code`, `property_dev_name`, `property_display_name`, `status`, `editable`, `value`, `value_type`, `description`) values('10','MOBILE_DRAW_LIMIT_WINNING_RESULT','MOBILE_DRAW_LIMIT_WINNING_RESULT','Draw Limit for mobile Winning data','ACTIVE','YES','5','Integer','limit set for winning draw for winnning report at mobile');
insert into `st_sl_property_master` (`id`, `property_code`, `property_dev_name`, `property_display_name`, `status`, `editable`, `value`, `value_type`, `description`) values('11','COUNTRY_DEPLOYED','COUNTRY_DEPLOYED','COUNTRY_DEPLOYED','ACTIVE','YES','ZIMBABWE','String','COUNTRY_DEPLOYED');
insert into `st_sl_property_master` (`id`, `property_code`, `property_dev_name`, `property_display_name`, `status`, `editable`, `value`, `value_type`, `description`) values('12','CURRENCY_SYMBOL','CURRENCY_SYMBOL','CURRENCY SYMBOL','ACTIVE','YES','USD','String','CURRENCY_SYMBOL');
insert into `st_sl_property_master` (`id`, `property_code`, `property_dev_name`, `property_display_name`, `status`, `editable`, `value`, `value_type`, `description`) values('13','org_name','ORG_NAME','Organization Name','ACTIVE','YES','AFRICA LOTTO','String','Organization Name');
insert into `st_sl_property_master` (`id`, `property_code`, `property_dev_name`, `property_display_name`, `status`, `editable`, `value`, `value_type`, `description`) values('14','DATE_FORMAT_INTEGRATION','DATE_FORMAT_INTEGRATION','Date Format Integration','ACTIVE','YES','dd-MM-yyyy HH:mm:ss','String','Date Format For Integration');
insert into `st_sl_property_master` (`id`, `property_code`, `property_dev_name`, `property_display_name`, `status`, `editable`, `value`, `value_type`, `description`) values('15','IS_TIPS_ODD_AGAINST','IS_TIPS_ODD_AGAINST','is Tipsodd against','ACTIVE','YES','TRUE','String','to point out the fav. team');
insert into `st_sl_property_master` (`id`, `property_code`, `property_dev_name`, `property_display_name`, `status`, `editable`, `value`, `value_type`, `description`) values('16','archiving_duration','archiving_duration','archiving_duration','ACTIVE','YES','3','String','how many days Archiving will run');
insert into `st_sl_property_master` (`id`, `property_code`, `property_dev_name`, `property_display_name`, `status`, `editable`, `value`, `value_type`, `description`) values('17','arch_db_name','arch_db_name','arch_db_name','ACTIVE','YES','sle_arch_db','String','Archiving Database Name');
insert into `st_sl_property_master` (`id`, `property_code`, `property_dev_name`, `property_display_name`, `status`, `editable`, `value`, `value_type`, `description`) values('18','autoArchiving','autoArchiving','autoArchiving','ACTIVE','YES','NO','Boolean','Property To Run Automatic Archiving YES/NO');
insert into `st_sl_property_master` (`id`, `property_code`, `property_dev_name`, `property_display_name`, `status`, `editable`, `value`, `value_type`, `description`) values('19','isArchComp','isArchComp','Arch DB Comparison','ACTIVE','YES','0','Integer','Property To Compare Main and Arch DB Comaprison values 0 and 1');
insert into `st_sl_property_master` (`id`, `property_code`, `property_dev_name`, `property_display_name`, `status`, `editable`, `value`, `value_type`, `description`) values('20','expiry_period','expiry_period','expiry_period','ACTIVE','YES','30','String','expiry period for archiving');
insert into `st_sl_property_master` (`id`, `property_code`, `property_dev_name`, `property_display_name`, `status`, `editable`, `value`, `value_type`, `description`) values('21','MOBILE_NO_WLS','MOBILE_NO_WLS','MOBILE_NO_WLS','ACTIVE','YES','9999999999','String','Numbers on which SMS has to send');
insert into `st_sl_property_master` (`id`, `property_code`, `property_dev_name`, `property_display_name`, `status`, `editable`, `value`, `value_type`, `description`) values('22','PRINT_USING_APPLET','PRINT_USING_APPLET','PRINT_USING_APPLET','ACTIVE','YES','NO','String','Printing to be done using applet if YES else with Node.js if NO');
insert into `st_sl_property_master` (`id`, `property_code`, `property_dev_name`, `property_display_name`, `status`, `editable`, `value`, `value_type`, `description`) values('23','MERCHANT_LIST_FOR_PWT_VERIFICATION','MERCHANT_LIST_FOR_PWT_VERIFICATION','MERCHANT_LIST_FOR_PWT_VERIFICATION','INACTIVE','YES','Asoft','String','Merchant dev name list who will need verification code during pwt verification (i.e Asoft,okpos )');
insert into `st_sl_property_master` (`id`, `property_code`, `property_dev_name`, `property_display_name`, `status`, `editable`, `value`, `value_type`, `description`) values('24','IS_SMS_TURN_ON','IS_SMS_TURN_ON','IS_SMS_TURN_ON','ACTIVE','YES','YES','String','IS_SMS_TURN_ON');
insert into `st_sl_property_master` (`id`, `property_code`, `property_dev_name`, `property_display_name`, `status`, `editable`, `value`, `value_type`, `description`) values('25','SMS_SERVICE_PROVIDER','SMS_SERVICE_PROVIDER','SMS_SERVICE_PROVIDER','ACTIVE','YES','infobip','String','For Zimbabwe-infobip, Nigeria-smsmobile24, India-alertsindia , Nigeria_OLD-maccesssmspush');
insert into `st_sl_property_master` (`id`, `property_code`, `property_dev_name`, `property_display_name`, `status`, `editable`, `value`, `value_type`, `description`) values('26','MOBILE_COUNTRY_CODE','MOBILE_COUNTRY_CODE','MOBILE_COUNTRY_CODE','ACTIVE','YES','263','Integer','MOBILE_COUNTRY_CODE');
insert into `st_sl_property_master` (`id`, `property_code`, `property_dev_name`, `property_display_name`, `status`, `editable`, `value`, `value_type`, `description`) values('27','ADV_MSG','ADV_MSG','Advertisement Message','INACTIVE','YES','YES','String','Advertisement Message');
insert into `st_sl_property_master` (`id`, `property_code`, `property_dev_name`, `property_display_name`, `status`, `editable`, `value`, `value_type`, `description`) values('28','AUTO_APPROVED_WINNING_AMT_LIMIT','AUTO_APPROVED_WINNING_AMT_LIMIT','AUTO APPROVED WINNING AMT LIMIT','ACTIVE','YES','426','Double','Winning amount limit for auto winning transfer');
insert into `st_sl_property_master` (`id`, `property_code`, `property_dev_name`, `property_display_name`, `status`, `editable`, `value`, `value_type`, `description`) values('29','PLAYER_WINNING_TAX_PERCENTAGE','PLAYER_WINNING_TAX_PERCENTAGE','PLAYER_WINNING_TAX_PERCENTAGE','INACTIVE','YES','5.00','Double','PLAYER_WINNING_TAX_PERCENTAGE');
insert into `st_sl_property_master` (`id`, `property_code`, `property_dev_name`, `property_display_name`, `status`, `editable`, `value`, `value_type`, `description`) values('30','PLAYER_WINNING_TAX_APPLICABLE_AMOUNT','PLAYER_WINNING_TAX_APPLICABLE_AMOUNT','PLAYER_WINNING_TAX_APPLICABLE_AMOUNT','INACTIVE','YES','2593','Double','PLAYER_WINNING_TAX_APPLICABLE_AMOUNT FPFCC');
--rollback truncate table `st_sl_property_master`;	

--changeset Rachit-9382:103
insert into `st_rm_priv_rep` (`priv_id`, `priv_dev_name`, `channel`, `user_type`, `status`) values('1','EVENT_INSERTION','WEB','BO','ACTIVE');
insert into `st_rm_priv_rep` (`priv_id`, `priv_dev_name`, `channel`, `user_type`, `status`) values('2','EVENT_MAPPING','WEB','BO','ACTIVE');
insert into `st_rm_priv_rep` (`priv_id`, `priv_dev_name`, `channel`, `user_type`, `status`) values('3','USER_ASSIGN','WEB','BO','ACTIVE');
insert into `st_rm_priv_rep` (`priv_id`, `priv_dev_name`, `channel`, `user_type`, `status`) values('4','RESULT_SUBMISSION','WEB','BO','ACTIVE');
insert into `st_rm_priv_rep` (`priv_id`, `priv_dev_name`, `channel`, `user_type`, `status`) values('5','DRAW_GAME_DATA_REPORT','WEB','BO','ACTIVE');
insert into `st_rm_priv_rep` (`priv_id`, `priv_dev_name`, `channel`, `user_type`, `status`) values('6','TRACK_TICKET','WEB','BO','ACTIVE');
insert into `st_rm_priv_rep` (`priv_id`, `priv_dev_name`, `channel`, `user_type`, `status`) values('7','TICKET_SALE','TERMINAL','RETAILER','ACTIVE');
insert into `st_rm_priv_rep` (`priv_id`, `priv_dev_name`, `channel`, `user_type`, `status`) values('8','TICKET_CANCEL','TERMINAL','RETAILER','ACTIVE');
insert into `st_rm_priv_rep` (`priv_id`, `priv_dev_name`, `channel`, `user_type`, `status`) values('9','TICKET_REPRINT','TERMINAL','RETAILER','ACTIVE');
insert into `st_rm_priv_rep` (`priv_id`, `priv_dev_name`, `channel`, `user_type`, `status`) values('10','TICKET_PWT','TERMINAL','RETAILER','ACTIVE');
insert into `st_rm_priv_rep` (`priv_id`, `priv_dev_name`, `channel`, `user_type`, `status`) values('11','LEDGER_REPORT','WEB','AGENT','INACTIVE');
insert into `st_rm_priv_rep` (`priv_id`, `priv_dev_name`, `channel`, `user_type`, `status`) values('12','DRAW_GAME_DATA_REPORT','WEB','AGENT','INACTIVE');
insert into `st_rm_priv_rep` (`priv_id`, `priv_dev_name`, `channel`, `user_type`, `status`) values('13','RESULT_APPROVAL','WEB','BO','ACTIVE');
insert into `st_rm_priv_rep` (`priv_id`, `priv_dev_name`, `channel`, `user_type`, `status`) values('14','TICKET_VERIFICATION','WEB','BO','ACTIVE');
insert into `st_rm_priv_rep` (`priv_id`, `priv_dev_name`, `channel`, `user_type`, `status`) values('15','TICKET_CANCELLATION','WEB','BO','ACTIVE');
insert into `st_rm_priv_rep` (`priv_id`, `priv_dev_name`, `channel`, `user_type`, `status`) values('16','FIXTURE_WISE_WINNING_ANALYSIS_REPORT','WEB','BO','ACTIVE');
insert into `st_rm_priv_rep` (`priv_id`, `priv_dev_name`, `channel`, `user_type`, `status`) values('17','MERCHANT_WISE_SALE_PWT_REPORT','WEB','BO','ACTIVE');
insert into `st_rm_priv_rep` (`priv_id`, `priv_dev_name`, `channel`, `user_type`, `status`) values('18','SOCCER_SALE_TREND_REPORT','WEB','BO','INACTIVE');
insert into `st_rm_priv_rep` (`priv_id`, `priv_dev_name`, `channel`, `user_type`, `status`) values('19','UPDATE_JACKPOT_AMOUNT_MESSAGE','WEB','BO','INACTIVE');
insert into `st_rm_priv_rep` (`priv_id`, `priv_dev_name`, `channel`, `user_type`, `status`) values('20','DRAW_MGMT','WEB','BO','ACTIVE');
insert into `st_rm_priv_rep` (`priv_id`, `priv_dev_name`, `channel`, `user_type`, `status`) values('21','SALE_REPORT','WEB','BO','ACTIVE');
insert into `st_rm_priv_rep` (`priv_id`, `priv_dev_name`, `channel`, `user_type`, `status`) values('22','LEAGUE_TEAM_MANAGEMENT','WEB','BO','ACTIVE');
insert into `st_rm_priv_rep` (`priv_id`, `priv_dev_name`, `channel`, `user_type`, `status`) values('23','EVENT_MANAGEMENT','WEB','BO','ACTIVE');
insert into `st_rm_priv_rep` (`priv_id`, `priv_dev_name`, `channel`, `user_type`, `status`) values('24','MATCH_LIST','TERMINAL','RETAILER','INACTIVE');
insert into `st_rm_priv_rep` (`priv_id`, `priv_dev_name`, `channel`, `user_type`, `status`) values('25','DRAW_RESULT','TERMINAL','RETAILER','INACTIVE');
--rollback truncate table `st_rm_priv_rep`;

--changeset Rachit-9382:104
insert into `st_sl_game_merchant_mapping` (`game_id`, `merchant_id`, `game_disp_name`, `max_ticket_amount`, `thersold_ticket_amount`, `max_board_count`, `min_board_count`, `display_order`, `game_status`) values('1','1','Soccer','5000.00','100.00','1','1','1','SALE_OPEN');
insert into `st_sl_game_merchant_mapping` (`game_id`, `merchant_id`, `game_disp_name`, `max_ticket_amount`, `thersold_ticket_amount`, `max_board_count`, `min_board_count`, `display_order`, `game_status`) values('1','2','Soccer','5000.00','100.00','1','1','1','SALE_OPEN');
insert into `st_sl_game_merchant_mapping` (`game_id`, `merchant_id`, `game_disp_name`, `max_ticket_amount`, `thersold_ticket_amount`, `max_board_count`, `min_board_count`, `display_order`, `game_status`) values('1','3','Soccer','5000.00','100.00','1','1','1','SALE_CLOSE');
insert into `st_sl_game_merchant_mapping` (`game_id`, `merchant_id`, `game_disp_name`, `max_ticket_amount`, `thersold_ticket_amount`, `max_board_count`, `min_board_count`, `display_order`, `game_status`) values('1','4','Soccer','5000.00','100.00','1','1','1','SALE_CLOSE');
insert into `st_sl_game_merchant_mapping` (`game_id`, `merchant_id`, `game_disp_name`, `max_ticket_amount`, `thersold_ticket_amount`, `max_board_count`, `min_board_count`, `display_order`, `game_status`) values('1','5','Soccer','5000.00','100.00','1','1','1','SALE_OPEN');
insert into `st_sl_game_merchant_mapping` (`game_id`, `merchant_id`, `game_disp_name`, `max_ticket_amount`, `thersold_ticket_amount`, `max_board_count`, `min_board_count`, `display_order`, `game_status`) values('1','6','Soccer','5000.00','100.00','1','1','1','SALE_OPEN');
--rollback truncate table `st_sl_game_merchant_mapping`;

--changeset Rachit-9382:105
insert into `st_sl_game_type_merchant_mapping` (`game_type_id`, `merchant_id`, `type_disp_name`, `unit_price`, `max_bet_amount_multiple`, `prize_rank_xml`, `prize_distribution_xml`, `prize_amt_percentage`, `jackpot_message_display`, `sale_start_time`, `sale_end_time`, `display_order`, `type_status`, `event_selection_type`) values('1','1','Soccer 13','1.00','600','[{\"matchId\":13,\"rankId\":1},{\"matchId\":12,\"rankId\":2},{\"matchId\":11,\"rankId\":3},{\"matchId\":10,\"rankId\":4}]','[{\"prizeValue\":25,\"minPrizeValue\":10000,\"unitPrice\":1.00,\"prizeType\":\"pari-mutual\",\"prizeRank\":1,\"matchId\":13,\"rankName\":\"Match 13\"},{\"prizeValue\":20,\"minPrizeValue\":200,\"unitPrice\":1.00,\"prizeType\":\"pari-mutual\",\"prizeRank\":2,\"matchId\":12,\"rankName\":\"Match 12\"},{\"prizeValue\":20,\"minPrizeValue\":20,\"unitPrice\":1.00,\"prizeType\":\"pari-mutual\",\"prizeRank\":3,\"matchId\":11,\"rankName\":\"Match 11\"},{\"prizeValue\":35,\"minPrizeValue\":10,\"unitPrice\":1.00,\"prizeType\":\"pari-mutual\",\"prizeRank\":4,\"matchId\":10,\"rankName\":\"Match 10\"}]','60.00','YES','2014-12-20 08:00:00','2014-12-20 10:00:00','1','SALE_OPEN','MULTIPLE');
insert into `st_sl_game_type_merchant_mapping` (`game_type_id`, `merchant_id`, `type_disp_name`, `unit_price`, `max_bet_amount_multiple`, `prize_rank_xml`, `prize_distribution_xml`, `prize_amt_percentage`, `jackpot_message_display`, `sale_start_time`, `sale_end_time`, `display_order`, `type_status`, `event_selection_type`) values('1','2','Soccer 13','1.00','600','[{\"matchId\":13,\"rankId\":1},{\"matchId\":12,\"rankId\":2},{\"matchId\":11,\"rankId\":3},{\"matchId\":10,\"rankId\":4}]','[{\"prizeValue\":25,\"minPrizeValue\":10000,\"unitPrice\":1.00,\"prizeType\":\"pari-mutual\",\"prizeRank\":1,\"matchId\":13,\"rankName\":\"Match 13\"},{\"prizeValue\":20,\"minPrizeValue\":200,\"unitPrice\":1.00,\"prizeType\":\"pari-mutual\",\"prizeRank\":2,\"matchId\":12,\"rankName\":\"Match 12\"},{\"prizeValue\":20,\"minPrizeValue\":20,\"unitPrice\":1.00,\"prizeType\":\"pari-mutual\",\"prizeRank\":3,\"matchId\":11,\"rankName\":\"Match 11\"},{\"prizeValue\":35,\"minPrizeValue\":10,\"unitPrice\":1.00,\"prizeType\":\"pari-mutual\",\"prizeRank\":4,\"matchId\":10,\"rankName\":\"Match 10\"}]','60.00','YES','2013-12-20 08:00:00','2014-12-20 10:00:00','1','SALE_OPEN','MULTIPLE');
insert into `st_sl_game_type_merchant_mapping` (`game_type_id`, `merchant_id`, `type_disp_name`, `unit_price`, `max_bet_amount_multiple`, `prize_rank_xml`, `prize_distribution_xml`, `prize_amt_percentage`, `jackpot_message_display`, `sale_start_time`, `sale_end_time`, `display_order`, `type_status`, `event_selection_type`) values('2','1','Soccer 10','1.00','600','[{\"matchId\":10,\"rankId\":1},{\"matchId\":9,\"rankId\":2},{\"matchId\":8,\"rankId\":3}]','[{\"prizeValue\":35,\"minPrizeValue\":1000,\"unitPrice\":1.00,\"prizeType\":\"pari-mutual\",\"prizeRank\":1,\"matchId\":10,\"rankName\":\"Match 10\"},{\"prizeValue\":20,\"minPrizeValue\":20,\"unitPrice\":1.00,\"prizeType\":\"pari-mutual\",\"prizeRank\":2,\"matchId\":9,\"rankName\":\"Match 9\"},{\"prizeValue\":45,\"minPrizeValue\":2,\"unitPrice\":1.00,\"prizeType\":\"pari-mutual\",\"prizeRank\":3,\"matchId\":8,\"rankName\":\"Match 8\"}]','60.00','YES','2013-12-20 08:00:00','2014-12-20 10:00:00','2','SALE_OPEN','MULTIPLE');
insert into `st_sl_game_type_merchant_mapping` (`game_type_id`, `merchant_id`, `type_disp_name`, `unit_price`, `max_bet_amount_multiple`, `prize_rank_xml`, `prize_distribution_xml`, `prize_amt_percentage`, `jackpot_message_display`, `sale_start_time`, `sale_end_time`, `display_order`, `type_status`, `event_selection_type`) values('2','2','Soccer 10','1.00','600','[{\"matchId\":10,\"rankId\":1},{\"matchId\":9,\"rankId\":2},{\"matchId\":8,\"rankId\":3}]','[{\"prizeValue\":35,\"minPrizeValue\":1000,\"unitPrice\":1.00,\"prizeType\":\"pari-mutual\",\"prizeRank\":1,\"matchId\":10,\"rankName\":\"Match 10\"},{\"prizeValue\":20,\"minPrizeValue\":20,\"unitPrice\":1.00,\"prizeType\":\"pari-mutual\",\"prizeRank\":2,\"matchId\":9,\"rankName\":\"Match 9\"},{\"prizeValue\":45,\"minPrizeValue\":2,\"unitPrice\":1.00,\"prizeType\":\"pari-mutual\",\"prizeRank\":3,\"matchId\":8,\"rankName\":\"Match 8\"}]','60.00','YES','2013-12-20 08:00:00','2014-12-20 10:00:00','2','SALE_OPEN','MULTIPLE');
insert into `st_sl_game_type_merchant_mapping` (`game_type_id`, `merchant_id`, `type_disp_name`, `unit_price`, `max_bet_amount_multiple`, `prize_rank_xml`, `prize_distribution_xml`, `prize_amt_percentage`, `jackpot_message_display`, `sale_start_time`, `sale_end_time`, `display_order`, `type_status`, `event_selection_type`) values('3','1','Soccer 6','0.50','600','[{\"matchId\":6,\"rankId\":1},{\"matchId\":5,\"rankId\":2},{\"matchId\":4,\"rankId\":3}]','[{\"prizeValue\":35,\"minPrizeValue\":100,\"unitPrice\":0.50,\"prizeType\":\"pari-mutual\",\"prizeRank\":1,\"matchId\":6,\"rankName\":\"Match 6\"},{\"prizeValue\":20,\"minPrizeValue\":2,\"unitPrice\":0.50,\"prizeType\":\"pari-mutual\",\"prizeRank\":2,\"matchId\":5,\"rankName\":\"Match 5\"},{\"prizeValue\":45,\"minPrizeValue\":1,\"unitPrice\":0.50,\"prizeType\":\"pari-mutual\",\"prizeRank\":3,\"matchId\":4,\"rankName\":\"Match 4\"}]\r\n','65.00','YES','2013-12-20 08:00:00','2014-12-20 10:00:00','3','SALE_OPEN','MULTIPLE');
insert into `st_sl_game_type_merchant_mapping` (`game_type_id`, `merchant_id`, `type_disp_name`, `unit_price`, `max_bet_amount_multiple`, `prize_rank_xml`, `prize_distribution_xml`, `prize_amt_percentage`, `jackpot_message_display`, `sale_start_time`, `sale_end_time`, `display_order`, `type_status`, `event_selection_type`) values('3','2','Soccer 6','0.50','600','[{\"matchId\":6,\"rankId\":1},{\"matchId\":5,\"rankId\":2},{\"matchId\":4,\"rankId\":3}]','[{\"prizeValue\":35,\"minPrizeValue\":100,\"unitPrice\":0.50,\"prizeType\":\"pari-mutual\",\"prizeRank\":1,\"matchId\":6,\"rankName\":\"Match 6\"},{\"prizeValue\":20,\"minPrizeValue\":2,\"unitPrice\":0.50,\"prizeType\":\"pari-mutual\",\"prizeRank\":2,\"matchId\":5,\"rankName\":\"Match 5\"},{\"prizeValue\":45,\"minPrizeValue\":1,\"unitPrice\":0.50,\"prizeType\":\"pari-mutual\",\"prizeRank\":3,\"matchId\":4,\"rankName\":\"Match 4\"}]\r\n','65.00','YES','2013-12-20 08:00:00','2014-12-20 10:00:00','3','SALE_OPEN','MULTIPLE');
insert into `st_sl_game_type_merchant_mapping` (`game_type_id`, `merchant_id`, `type_disp_name`, `unit_price`, `max_bet_amount_multiple`, `prize_rank_xml`, `prize_distribution_xml`, `prize_amt_percentage`, `jackpot_message_display`, `sale_start_time`, `sale_end_time`, `display_order`, `type_status`, `event_selection_type`) values('4','1','Soccer 4','0.50','600','[{\"matchId\":4,\"rankId\":1},{\"matchId\":3,\"rankId\":2}]','[{\"prizeValue\":60,\"minPrizeValue\":10,\"unitPrice\":0.50,\"prizeType\":\"pari-mutual\",\"prizeRank\":1,\"matchId\":4,\"rankName\":\"Match 4\"},{\"prizeValue\":40,\"minPrizeValue\":1,\"unitPrice\":0.50,\"prizeType\":\"pari-mutual\",\"prizeRank\":2,\"matchId\":3,\"rankName\":\"Match 3\"}]','65.00','YES','2013-12-20 08:00:00','2014-12-20 10:00:00','4','SALE_OPEN','MULTIPLE');
insert into `st_sl_game_type_merchant_mapping` (`game_type_id`, `merchant_id`, `type_disp_name`, `unit_price`, `max_bet_amount_multiple`, `prize_rank_xml`, `prize_distribution_xml`, `prize_amt_percentage`, `jackpot_message_display`, `sale_start_time`, `sale_end_time`, `display_order`, `type_status`, `event_selection_type`) values('4','2','Soccer 4','0.50','600','[{\"matchId\":4,\"rankId\":1},{\"matchId\":3,\"rankId\":2}]','[{\"prizeValue\":60,\"minPrizeValue\":10,\"unitPrice\":0.50,\"prizeType\":\"pari-mutual\",\"prizeRank\":1,\"matchId\":4,\"rankName\":\"Match 4\"},{\"prizeValue\":40,\"minPrizeValue\":1,\"unitPrice\":0.50,\"prizeType\":\"pari-mutual\",\"prizeRank\":2,\"matchId\":3,\"rankName\":\"Match 3\"}]','65.00','YES','2013-12-20 08:00:00','2014-12-20 10:00:00','4','SALE_OPEN','MULTIPLE');
insert into `st_sl_game_type_merchant_mapping` (`game_type_id`, `merchant_id`, `type_disp_name`, `unit_price`, `max_bet_amount_multiple`, `prize_rank_xml`, `prize_distribution_xml`, `prize_amt_percentage`, `jackpot_message_display`, `sale_start_time`, `sale_end_time`, `display_order`, `type_status`, `event_selection_type`) values('1','3','Soccer 13','1.00','600','[{\"matchId\":13,\"rankId\":1},{\"matchId\":12,\"rankId\":2},{\"matchId\":11,\"rankId\":3},{\"matchId\":10,\"rankId\":4}]','[{\"prizeValue\":25,\"minPrizeValue\":10000,\"unitPrice\":1.00,\"prizeType\":\"pari-mutual\",\"prizeRank\":1,\"matchId\":13,\"rankName\":\"Match 13\"},{\"prizeValue\":20,\"minPrizeValue\":200,\"unitPrice\":1.00,\"prizeType\":\"pari-mutual\",\"prizeRank\":2,\"matchId\":12,\"rankName\":\"Match 12\"},{\"prizeValue\":20,\"minPrizeValue\":20,\"unitPrice\":1.00,\"prizeType\":\"pari-mutual\",\"prizeRank\":3,\"matchId\":11,\"rankName\":\"Match 11\"},{\"prizeValue\":35,\"minPrizeValue\":10,\"unitPrice\":1.00,\"prizeType\":\"pari-mutual\",\"prizeRank\":4,\"matchId\":10,\"rankName\":\"Match 10\"}]','65.00','YES','2016-03-01 00:00:00','2017-03-01 00:00:00','1','SALE_CLOSE','MULTIPLE');
insert into `st_sl_game_type_merchant_mapping` (`game_type_id`, `merchant_id`, `type_disp_name`, `unit_price`, `max_bet_amount_multiple`, `prize_rank_xml`, `prize_distribution_xml`, `prize_amt_percentage`, `jackpot_message_display`, `sale_start_time`, `sale_end_time`, `display_order`, `type_status`, `event_selection_type`) values('2','4','Soccer 10','1.00','600','[{\"matchId\":10,\"rankId\":1},{\"matchId\":9,\"rankId\":2},{\"matchId\":8,\"rankId\":3}]','[{\"prizeValue\":35,\"minPrizeValue\":200,\"unitPrice\":1.00,\"prizeType\":\"pari-mutual\",\"prizeRank\":1,\"matchId\":10,\"rankName\":\"Match 10\"},{\"prizeValue\":20,\"minPrizeValue\":20,\"unitPrice\":1.00,\"prizeType\":\"pari-mutual\",\"prizeRank\":2,\"matchId\":9,\"rankName\":\"Match 9\"},{\"prizeValue\":45,\"minPrizeValue\":2,\"unitPrice\":1.00,\"prizeType\":\"pari-mutual\",\"prizeRank\":3,\"matchId\":8,\"rankName\":\"Match 8\"}]','65.00','YES','2016-03-01 00:00:00','2017-03-01 00:00:00','2','SALE_CLOSE','MULTIPLE');
insert into `st_sl_game_type_merchant_mapping` (`game_type_id`, `merchant_id`, `type_disp_name`, `unit_price`, `max_bet_amount_multiple`, `prize_rank_xml`, `prize_distribution_xml`, `prize_amt_percentage`, `jackpot_message_display`, `sale_start_time`, `sale_end_time`, `display_order`, `type_status`, `event_selection_type`) values('1','4','Soccer 13','1.00','600','[{\"matchId\":13,\"rankId\":1},{\"matchId\":12,\"rankId\":2},{\"matchId\":11,\"rankId\":3},{\"matchId\":10,\"rankId\":4}]','[{\"prizeValue\":25,\"minPrizeValue\":10000,\"unitPrice\":1.00,\"prizeType\":\"pari-mutual\",\"prizeRank\":1,\"matchId\":13,\"rankName\":\"Match 13\"},{\"prizeValue\":20,\"minPrizeValue\":200,\"unitPrice\":1.00,\"prizeType\":\"pari-mutual\",\"prizeRank\":2,\"matchId\":12,\"rankName\":\"Match 12\"},{\"prizeValue\":20,\"minPrizeValue\":20,\"unitPrice\":1.00,\"prizeType\":\"pari-mutual\",\"prizeRank\":3,\"matchId\":11,\"rankName\":\"Match 11\"},{\"prizeValue\":35,\"minPrizeValue\":10,\"unitPrice\":1.00,\"prizeType\":\"pari-mutual\",\"prizeRank\":4,\"matchId\":10,\"rankName\":\"Match 10\"}]','65.00','YES','2016-03-01 00:00:00','2017-03-01 00:00:00','1','SALE_CLOSE','MULTIPLE');
insert into `st_sl_game_type_merchant_mapping` (`game_type_id`, `merchant_id`, `type_disp_name`, `unit_price`, `max_bet_amount_multiple`, `prize_rank_xml`, `prize_distribution_xml`, `prize_amt_percentage`, `jackpot_message_display`, `sale_start_time`, `sale_end_time`, `display_order`, `type_status`, `event_selection_type`) values('2','3','Soccer 10','1.00','600','[{\"matchId\":10,\"rankId\":1},{\"matchId\":9,\"rankId\":2},{\"matchId\":8,\"rankId\":3}]','[{\"prizeValue\":35,\"minPrizeValue\":200,\"unitPrice\":1.00,\"prizeType\":\"pari-mutual\",\"prizeRank\":1,\"matchId\":10,\"rankName\":\"Match 10\"},{\"prizeValue\":20,\"minPrizeValue\":20,\"unitPrice\":1.00,\"prizeType\":\"pari-mutual\",\"prizeRank\":2,\"matchId\":9,\"rankName\":\"Match 9\"},{\"prizeValue\":45,\"minPrizeValue\":2,\"unitPrice\":1.00,\"prizeType\":\"pari-mutual\",\"prizeRank\":3,\"matchId\":8,\"rankName\":\"Match 8\"}]','65.00','YES','2016-03-01 00:00:00','2017-03-01 00:00:00','2','SALE_CLOSE','MULTIPLE');
insert into `st_sl_game_type_merchant_mapping` (`game_type_id`, `merchant_id`, `type_disp_name`, `unit_price`, `max_bet_amount_multiple`, `prize_rank_xml`, `prize_distribution_xml`, `prize_amt_percentage`, `jackpot_message_display`, `sale_start_time`, `sale_end_time`, `display_order`, `type_status`, `event_selection_type`) values('3','3','Soccer 6','0.50','600','[{\"matchId\":6,\"rankId\":1},{\"matchId\":5,\"rankId\":2},{\"matchId\":4,\"rankId\":3}]','[{\"prizeValue\":35,\"minPrizeValue\":100,\"unitPrice\":0.50,\"prizeType\":\"pari-mutual\",\"prizeRank\":1,\"matchId\":6,\"rankName\":\"Match 6\"},{\"prizeValue\":20,\"minPrizeValue\":2,\"unitPrice\":0.50,\"prizeType\":\"pari-mutual\",\"prizeRank\":2,\"matchId\":5,\"rankName\":\"Match 5\"},{\"prizeValue\":45,\"minPrizeValue\":1,\"unitPrice\":0.50,\"prizeType\":\"pari-mutual\",\"prizeRank\":3,\"matchId\":4,\"rankName\":\"Match 4\"}]\r\n','65.00','YES','2016-03-01 00:00:00','2017-03-01 00:00:00','3','SALE_CLOSE','MULTIPLE');
insert into `st_sl_game_type_merchant_mapping` (`game_type_id`, `merchant_id`, `type_disp_name`, `unit_price`, `max_bet_amount_multiple`, `prize_rank_xml`, `prize_distribution_xml`, `prize_amt_percentage`, `jackpot_message_display`, `sale_start_time`, `sale_end_time`, `display_order`, `type_status`, `event_selection_type`) values('3','4','Soccer 6','0.50','600','[{\"matchId\":6,\"rankId\":1},{\"matchId\":5,\"rankId\":2},{\"matchId\":4,\"rankId\":3}]','[{\"prizeValue\":35,\"minPrizeValue\":100,\"unitPrice\":0.50,\"prizeType\":\"pari-mutual\",\"prizeRank\":1,\"matchId\":6,\"rankName\":\"Match 6\"},{\"prizeValue\":20,\"minPrizeValue\":2,\"unitPrice\":0.50,\"prizeType\":\"pari-mutual\",\"prizeRank\":2,\"matchId\":5,\"rankName\":\"Match 5\"},{\"prizeValue\":45,\"minPrizeValue\":1,\"unitPrice\":0.50,\"prizeType\":\"pari-mutual\",\"prizeRank\":3,\"matchId\":4,\"rankName\":\"Match 4\"}]\r\n','65.00','YES','2016-03-01 00:00:00','2017-03-01 00:00:00','3','SALE_CLOSE','MULTIPLE');
insert into `st_sl_game_type_merchant_mapping` (`game_type_id`, `merchant_id`, `type_disp_name`, `unit_price`, `max_bet_amount_multiple`, `prize_rank_xml`, `prize_distribution_xml`, `prize_amt_percentage`, `jackpot_message_display`, `sale_start_time`, `sale_end_time`, `display_order`, `type_status`, `event_selection_type`) values('4','4','Soccer 4','0.50','600','[{\"matchId\":4,\"rankId\":1},{\"matchId\":3,\"rankId\":2}]','[{\"prizeValue\":60,\"minPrizeValue\":10,\"unitPrice\":0.50,\"prizeType\":\"pari-mutual\",\"prizeRank\":1,\"matchId\":4,\"rankName\":\"Match 4\"},{\"prizeValue\":40,\"minPrizeValue\":1,\"unitPrice\":0.50,\"prizeType\":\"pari-mutual\",\"prizeRank\":2,\"matchId\":3,\"rankName\":\"Match 3\"}]','65.00','YES','2016-03-01 00:00:00','2017-03-01 00:00:00','4','SALE_CLOSE','MULTIPLE');
insert into `st_sl_game_type_merchant_mapping` (`game_type_id`, `merchant_id`, `type_disp_name`, `unit_price`, `max_bet_amount_multiple`, `prize_rank_xml`, `prize_distribution_xml`, `prize_amt_percentage`, `jackpot_message_display`, `sale_start_time`, `sale_end_time`, `display_order`, `type_status`, `event_selection_type`) values('4','3','Soccer 4','0.50','600','[{\"matchId\":4,\"rankId\":1},{\"matchId\":3,\"rankId\":2}]','[{\"prizeValue\":60,\"minPrizeValue\":10,\"unitPrice\":0.50,\"prizeType\":\"pari-mutual\",\"prizeRank\":1,\"matchId\":4,\"rankName\":\"Match 4\"},{\"prizeValue\":40,\"minPrizeValue\":1,\"unitPrice\":0.50,\"prizeType\":\"pari-mutual\",\"prizeRank\":2,\"matchId\":3,\"rankName\":\"Match 3\"}]','65.00','YES','2016-03-01 00:00:00','2017-03-01 00:00:00','4','SALE_CLOSE','MULTIPLE');
insert into `st_sl_game_type_merchant_mapping` (`game_type_id`, `merchant_id`, `type_disp_name`, `unit_price`, `max_bet_amount_multiple`, `prize_rank_xml`, `prize_distribution_xml`, `prize_amt_percentage`, `jackpot_message_display`, `sale_start_time`, `sale_end_time`, `display_order`, `type_status`, `event_selection_type`) values('1','5','Soccer 13','1.00','600','[{\"matchId\":13,\"rankId\":1},{\"matchId\":12,\"rankId\":2},{\"matchId\":11,\"rankId\":3},{\"matchId\":10,\"rankId\":4}]','[{\"prizeValue\":25,\"minPrizeValue\":10000,\"unitPrice\":1.00,\"prizeType\":\"pari-mutual\",\"prizeRank\":1,\"matchId\":13,\"rankName\":\"Match 13\"},{\"prizeValue\":20,\"minPrizeValue\":200,\"unitPrice\":1.00,\"prizeType\":\"pari-mutual\",\"prizeRank\":2,\"matchId\":12,\"rankName\":\"Match 12\"},{\"prizeValue\":20,\"minPrizeValue\":20,\"unitPrice\":1.00,\"prizeType\":\"pari-mutual\",\"prizeRank\":3,\"matchId\":11,\"rankName\":\"Match 11\"},{\"prizeValue\":35,\"minPrizeValue\":10,\"unitPrice\":1.00,\"prizeType\":\"pari-mutual\",\"prizeRank\":4,\"matchId\":10,\"rankName\":\"Match 10\"}]','65.00','YES','2016-10-13 00:00:00','2017-10-13 00:00:00','1','SALE_OPEN','MULTIPLE');
insert into `st_sl_game_type_merchant_mapping` (`game_type_id`, `merchant_id`, `type_disp_name`, `unit_price`, `max_bet_amount_multiple`, `prize_rank_xml`, `prize_distribution_xml`, `prize_amt_percentage`, `jackpot_message_display`, `sale_start_time`, `sale_end_time`, `display_order`, `type_status`, `event_selection_type`) values('2','5','Soccer 10','1.00','600','[{\"matchId\":10,\"rankId\":1},{\"matchId\":9,\"rankId\":2},{\"matchId\":8,\"rankId\":3}]','[{\"prizeValue\":35,\"minPrizeValue\":1000,\"unitPrice\":1.00,\"prizeType\":\"pari-mutual\",\"prizeRank\":1,\"matchId\":10,\"rankName\":\"Match 10\"},{\"prizeValue\":20,\"minPrizeValue\":20,\"unitPrice\":1.00,\"prizeType\":\"pari-mutual\",\"prizeRank\":2,\"matchId\":9,\"rankName\":\"Match 9\"},{\"prizeValue\":45,\"minPrizeValue\":2,\"unitPrice\":1.00,\"prizeType\":\"pari-mutual\",\"prizeRank\":3,\"matchId\":8,\"rankName\":\"Match 8\"}]','65.00','YES','2016-10-13 00:00:00','2017-10-13 00:00:00','2','SALE_OPEN','MULTIPLE');
insert into `st_sl_game_type_merchant_mapping` (`game_type_id`, `merchant_id`, `type_disp_name`, `unit_price`, `max_bet_amount_multiple`, `prize_rank_xml`, `prize_distribution_xml`, `prize_amt_percentage`, `jackpot_message_display`, `sale_start_time`, `sale_end_time`, `display_order`, `type_status`, `event_selection_type`) values('3','5','Soccer 6','0.50','600','[{\"matchId\":6,\"rankId\":1},{\"matchId\":5,\"rankId\":2},{\"matchId\":4,\"rankId\":3}]','[{\"prizeValue\":35,\"minPrizeValue\":100,\"unitPrice\":0.50,\"prizeType\":\"pari-mutual\",\"prizeRank\":1,\"matchId\":6,\"rankName\":\"Match 6\"},{\"prizeValue\":20,\"minPrizeValue\":2,\"unitPrice\":0.50,\"prizeType\":\"pari-mutual\",\"prizeRank\":2,\"matchId\":5,\"rankName\":\"Match 5\"},{\"prizeValue\":45,\"minPrizeValue\":1,\"unitPrice\":0.50,\"prizeType\":\"pari-mutual\",\"prizeRank\":3,\"matchId\":4,\"rankName\":\"Match 4\"}]\r\n','65.00','YES','2016-10-13 00:00:00','2017-10-13 00:00:00','3','SALE_OPEN','MULTIPLE');
insert into `st_sl_game_type_merchant_mapping` (`game_type_id`, `merchant_id`, `type_disp_name`, `unit_price`, `max_bet_amount_multiple`, `prize_rank_xml`, `prize_distribution_xml`, `prize_amt_percentage`, `jackpot_message_display`, `sale_start_time`, `sale_end_time`, `display_order`, `type_status`, `event_selection_type`) values('4','5','Soccer 4','0.50','600','[{\"matchId\":4,\"rankId\":1},{\"matchId\":3,\"rankId\":2}]','[{\"prizeValue\":60,\"minPrizeValue\":10,\"unitPrice\":0.50,\"prizeType\":\"pari-mutual\",\"prizeRank\":1,\"matchId\":4,\"rankName\":\"Match 4\"},{\"prizeValue\":40,\"minPrizeValue\":1,\"unitPrice\":0.50,\"prizeType\":\"pari-mutual\",\"prizeRank\":2,\"matchId\":3,\"rankName\":\"Match 3\"}]','65.00','YES','2016-10-13 00:00:00','2017-10-13 00:00:00','4','SALE_OPEN','MULTIPLE');
insert into `st_sl_game_type_merchant_mapping` (`game_type_id`, `merchant_id`, `type_disp_name`, `unit_price`, `max_bet_amount_multiple`, `prize_rank_xml`, `prize_distribution_xml`, `prize_amt_percentage`, `jackpot_message_display`, `sale_start_time`, `sale_end_time`, `display_order`, `type_status`, `event_selection_type`) values('1','6','Soccer 13','1.00','600','[{\"matchId\":13,\"rankId\":1},{\"matchId\":12,\"rankId\":2},{\"matchId\":11,\"rankId\":3},{\"matchId\":10,\"rankId\":4}]','[{\"prizeValue\":25,\"minPrizeValue\":10000,\"unitPrice\":1.00,\"prizeType\":\"pari-mutual\",\"prizeRank\":1,\"matchId\":13,\"rankName\":\"Match 13\"},{\"prizeValue\":20,\"minPrizeValue\":200,\"unitPrice\":1.00,\"prizeType\":\"pari-mutual\",\"prizeRank\":2,\"matchId\":12,\"rankName\":\"Match 12\"},{\"prizeValue\":20,\"minPrizeValue\":20,\"unitPrice\":1.00,\"prizeType\":\"pari-mutual\",\"prizeRank\":3,\"matchId\":11,\"rankName\":\"Match 11\"},{\"prizeValue\":35,\"minPrizeValue\":10,\"unitPrice\":1.00,\"prizeType\":\"pari-mutual\",\"prizeRank\":4,\"matchId\":10,\"rankName\":\"Match 10\"}]','65.00','YES','2016-10-13 00:00:00','2017-10-13 00:00:00','1','SALE_OPEN','MULTIPLE');
insert into `st_sl_game_type_merchant_mapping` (`game_type_id`, `merchant_id`, `type_disp_name`, `unit_price`, `max_bet_amount_multiple`, `prize_rank_xml`, `prize_distribution_xml`, `prize_amt_percentage`, `jackpot_message_display`, `sale_start_time`, `sale_end_time`, `display_order`, `type_status`, `event_selection_type`) values('2','6','Soccer 10','1.00','600','[{\"matchId\":10,\"rankId\":1},{\"matchId\":9,\"rankId\":2},{\"matchId\":8,\"rankId\":3}]','[{\"prizeValue\":35,\"minPrizeValue\":1000,\"unitPrice\":1.00,\"prizeType\":\"pari-mutual\",\"prizeRank\":1,\"matchId\":10,\"rankName\":\"Match 10\"},{\"prizeValue\":20,\"minPrizeValue\":20,\"unitPrice\":1.00,\"prizeType\":\"pari-mutual\",\"prizeRank\":2,\"matchId\":9,\"rankName\":\"Match 9\"},{\"prizeValue\":45,\"minPrizeValue\":2,\"unitPrice\":1.00,\"prizeType\":\"pari-mutual\",\"prizeRank\":3,\"matchId\":8,\"rankName\":\"Match 8\"}]','65.00','YES','2016-10-13 00:00:00','2017-10-13 00:00:00','2','SALE_OPEN','MULTIPLE');
insert into `st_sl_game_type_merchant_mapping` (`game_type_id`, `merchant_id`, `type_disp_name`, `unit_price`, `max_bet_amount_multiple`, `prize_rank_xml`, `prize_distribution_xml`, `prize_amt_percentage`, `jackpot_message_display`, `sale_start_time`, `sale_end_time`, `display_order`, `type_status`, `event_selection_type`) values('3','6','Soccer 6','0.50','600','[{\"matchId\":6,\"rankId\":1},{\"matchId\":5,\"rankId\":2},{\"matchId\":4,\"rankId\":3}]','[{\"prizeValue\":35,\"minPrizeValue\":100,\"unitPrice\":0.50,\"prizeType\":\"pari-mutual\",\"prizeRank\":1,\"matchId\":6,\"rankName\":\"Match 6\"},{\"prizeValue\":20,\"minPrizeValue\":2,\"unitPrice\":0.50,\"prizeType\":\"pari-mutual\",\"prizeRank\":2,\"matchId\":5,\"rankName\":\"Match 5\"},{\"prizeValue\":45,\"minPrizeValue\":1,\"unitPrice\":0.50,\"prizeType\":\"pari-mutual\",\"prizeRank\":3,\"matchId\":4,\"rankName\":\"Match 4\"}]\r\n','65.00','YES','2016-10-13 00:00:00','2017-10-13 00:00:00','3','SALE_OPEN','MULTIPLE');
insert into `st_sl_game_type_merchant_mapping` (`game_type_id`, `merchant_id`, `type_disp_name`, `unit_price`, `max_bet_amount_multiple`, `prize_rank_xml`, `prize_distribution_xml`, `prize_amt_percentage`, `jackpot_message_display`, `sale_start_time`, `sale_end_time`, `display_order`, `type_status`, `event_selection_type`) values('4','6','Soccer 4','0.50','600','[{\"matchId\":4,\"rankId\":1},{\"matchId\":3,\"rankId\":2}]','[{\"prizeValue\":60,\"minPrizeValue\":10,\"unitPrice\":0.50,\"prizeType\":\"pari-mutual\",\"prizeRank\":1,\"matchId\":4,\"rankName\":\"Match 4\"},{\"prizeValue\":40,\"minPrizeValue\":1,\"unitPrice\":0.50,\"prizeType\":\"pari-mutual\",\"prizeRank\":2,\"matchId\":3,\"rankName\":\"Match 3\"}]','65.00','YES','2016-10-13 00:00:00','2017-10-13 00:00:00','4','SALE_OPEN','MULTIPLE');
--rollback truncate table `st_sl_game_type_merchant_mapping`;

--changeset Rachit-9382:106
insert into `st_sl_generic_scheduler_master` (`id`, `scheduler_dev_name`, `scheduler_display_name`, `jobGroup`, `status`, `scheduled_Time`, `last_start_time`, `last_end_time`, `last_status`, `last_success_time`, `estimated_time`, `status_msg`) values('1','ticketCountCronExpr','TicketCountUpdateScheduler','ticketCountCronExpr','ACTIVE','0 30 15 1/1 * ? *','2017-04-20 15:30:02','2017-04-20 15:30:08','DONE','2017-04-20 15:30:08',NULL,'Success');
insert into `st_sl_generic_scheduler_master` (`id`, `scheduler_dev_name`, `scheduler_display_name`, `jobGroup`, `status`, `scheduled_Time`, `last_start_time`, `last_end_time`, `last_status`, `last_success_time`, `estimated_time`, `status_msg`) values('2','settlementJobCronExpr','SettlementScheduler','settlementJobCronExpr','ACTIVE','0 30 15 1/1 * ? *','2017-04-20 15:30:02','2017-04-20 15:30:09','ERROR',NULL,NULL,'Error Occurred Msg Is Null ');
--rollback truncate table `st_sl_generic_scheduler_master`;

