--liquibase formatted sql

--changeset BaseDataSLE:1
insert  into `st_rm_menu_master`(`menu_id`,`merchant_id`,`menu_disp_name`,`action_id`,`parent_menu_id`,`item_order`,`status`) values (1,1,'Reports',NULL,0,5,'ACTIVE'),(2,1,'SL Management',NULL,0,2,'ACTIVE'),(3,2,'Reports',NULL,0,5,'ACTIVE'),(4,2,'SL Management',NULL,0,2,'ACTIVE'),(5,1,'PWT',NULL,0,3,'ACTIVE'),(6,2,'PWT',NULL,0,3,'ACTIVE'),(7,1,'Miscellaneous',NULL,0,4,'INACTIVE'),(8,2,'Miscellaneous',NULL,0,4,'INACTIVE'),(9,1,'BO Management',NULL,0,1,'ACTIVE'),(10,2,'BO Management',NULL,0,1,'ACTIVE');

insert  into `st_rm_merchant_channel_mapping`(`merchant_channel_id`,`merchant_id`,`channel_type`,`channel_name`,`status`) values (1,2,'WEB','Web','ACTIVE'),(2,2,'TERMINAL','Terminal','ACTIVE'),(3,1,'MOBILE','Mobile device','ACTIVE'),(4,1,'SMS','Sms','ACTIVE'),(5,1,'WEB','Web','ACTIVE');

insert  into `st_rm_merchant_channel_tier_mapping`(`mct_id`,`merchant_channel_id`,`tier_id`,`status`) values (1,1,1,'ACTIVE'),(2,1,2,'ACTIVE'),(3,1,3,'ACTIVE'),(4,2,3,'ACTIVE'),(5,3,4,'ACTIVE'),(6,4,4,'ACTIVE'),(7,5,1,'ACTIVE');

insert  into `st_sl_city_master`(`city_id`,`state_id`,`country_id`,`city_code`,`city_name`,`status`) values (1,2,1,'HAR','Harare','ACTIVE'),(2,5,1,'BIRC','Birchenough Bridge','ACTIVE'),(3,5,1,'BUH','Buhera','ACTIVE'),(4,5,1,'CASHT','Cashelhe Tizvione','ACTIVE'),(5,5,1,'HAUN','Hauna','ACTIVE'),(6,5,1,'NYA','Nyazura','ACTIVE'),(7,5,1,'RUSA','Rusape','ACTIVE'),(8,3,1,'GLEND','Glendale','ACTIVE'),(9,3,1,'MOUNTD','Mount Darwin','ACTIVE'),(10,3,1,'MVUR','Mvurwi','ACTIVE'),(11,3,1,'BIND','Bindura','ACTIVE'),(12,1,1,'BUL','BULAWAYO','ACTIVE'),(13,4,1,'BROM','Bromley','ACTIVE'),(14,4,1,'CHIT','Chitungwiza','ACTIVE'),(15,4,1,'MARON','Marondera','ACTIVE'),(16,4,1,'RUW','Ruwa','ACTIVE'),(17,4,1,'KOT','Kotwa','ACTIVE'),(18,4,1,'CHIV','Chivhu','ACTIVE'),(19,4,1,'NHAR','Nharira','ACTIVE'),(20,4,1,'GORO','Goromonzi','ACTIVE'),(21,4,1,'MACH','Macheke','ACTIVE'),(22,4,1,'MAHU','Mahusekwa','ACTIVE'),(23,4,1,'SUS','Suswe','ACTIVE'),(24,4,1,'WEDZ','Wedza','ACTIVE'),(25,4,1,'MUTO','Mutoko','ACTIVE'),(26,4,1,'MURE','Murewa','ACTIVE'),(27,4,1,'JURU','Juru','ACTIVE'),(28,4,1,'SAD','Sadza','ACTIVE'),(29,4,1,'MAKO','Makosa','ACTIVE'),(30,4,1,'MAKA','Makaha','ACTIVE'),(31,4,1,'BOND','Bondamakara','ACTIVE'),(32,4,1,'HEAD','Headlands','ACTIVE'),(33,4,1,'NYAM','Nyamapanda','ACTIVE'),(34,7,1,'ALA','Alaska','ACTIVE'),(35,7,1,'BANK','Banket','ACTIVE'),(36,7,1,'BATTLE','Battlefields','ACTIVE'),(37,7,1,'BUMI','Bumi Hills','ACTIVE'),(38,7,1,'CAPH','Cape Haig','ACTIVE'),(39,7,1,'CHAKA','Chakari','ACTIVE'),(40,7,1,'CHAR','Charara','ACTIVE'),(41,7,1,'CHEGU','Chegutu','ACTIVE'),(42,7,1,'CHIN',' Chinhoyi','ACTIVE'),(43,7,1,'CHIRU','Chirundu','ACTIVE'),(44,7,1,'DARW','Darwendale','ACTIVE'),(45,7,1,'DOM','Doma','ACTIVE'),(46,7,1,'EIFF','Eiffel Flats','ACTIVE'),(47,7,1,'ELDO','Eldorado','ACTIVE'),(48,7,1,'FEO','Feock','ACTIVE'),(49,7,1,'GAD','Gadzema ','ACTIVE'),(50,7,1,'GOLD','Golden Valley','ACTIVE'),(51,7,1,'KAD','Kadoma','ACTIVE'),(52,7,1,'KARI','Kariba','ACTIVE'),(53,7,1,'KARO','Karoi','ACTIVE'),(54,7,1,'KILD','Kildonan','ACTIVE'),(55,7,1,'LION','Lion\'s Den','ACTIVE'),(56,7,1,'MADA','Madadzi','ACTIVE'),(57,7,1,'MAG ','Magunje','ACTIVE'),(58,7,1,'MAK','Makuti','ACTIVE'),(59,7,1,'MAKW','Makwiro','ACTIVE'),(60,7,1,'MHANG','Mhangura','ACTIVE'),(61,7,1,'MUBA','Mubayira','ACTIVE'),(62,7,1,'MUNY','Munyati','ACTIVE'),(63,7,1,'MURI','Muriel','ACTIVE'),(64,7,1,'MUROM','Murombedzi','ACTIVE'),(65,7,1,'MUTOR','Mutorashanga','ACTIVE'),(66,7,1,'MWA','Mwami','ACTIVE'),(67,7,1,'NORT','Norton','ACTIVE'),(68,7,1,'ORL','Orlando Heights','ACTIVE'),(69,7,1,'RAFF','Raffingora','ACTIVE'),(70,7,1,'SANY','Sanyati','ACTIVE'),(71,7,1,'SEL','Selous','ACTIVE'),(72,7,1,'SHAC','Shackleton','ACTIVE'),(73,7,1,'TASH','Tashinga','ACTIVE'),(74,7,1,'TREL','Trelawney','ACTIVE'),(75,7,1,'UMSWE','Umsweswe','ACTIVE'),(76,7,1,'UNSW','Unsworth','ACTIVE'),(77,7,1,'VAN','Vanad','ACTIVE'),(78,7,1,'VEN','Venice','ACTIVE'),(79,7,1,'VUTI','Vuti','ACTIVE'),(80,7,1,'ZAV','Zave','ACTIVE'),(81,6,1,'BIKI','Bikita','ACTIVE'),(82,6,1,'BUB','Bubye River','ACTIVE'),(83,6,1,'BUFF','Buffalo Range','ACTIVE'),(84,6,1,'CHAT','Chatsworth','ACTIVE'),(85,6,1,'CHIR','Chiredzi','ACTIVE'),(86,6,1,'CHIVI','Chivi','ACTIVE'),(87,6,1,'FELI','Felixburg','ACTIVE'),(88,6,1,'GAT','Gaths Mine','ACTIVE'),(89,6,1,'GLE','Glenclova','ACTIVE'),(90,6,1,'GLEN','Glenlivet','ACTIVE'),(91,6,1,'GUTU','Gutu','ACTIVE'),(92,6,1,'GURA','Gurajena','ACTIVE'),(93,6,1,'Gwen','Gwengwerere GP','ACTIVE'),(94,6,1,'HIPP','Hippo Valley','ACTIVE'),(95,6,1,'MABA','Mabalauta','ACTIVE'),(96,6,1,'MARA','Maranda','ACTIVE'),(97,6,1,'MAS','Mashava','ACTIVE'),(98,6,1,'MASV','Masvingo','ACTIVE'),(99,6,1,'MBI','Mbizi','ACTIVE'),(100,6,1,'MUPA','Mupandawana','ACTIVE'),(101,6,1,'MWEN','Mwenezi','ACTIVE'),(102,6,1,'NDA','Ndanga','ACTIVE'),(103,6,1,'NEM','Nemanwa','ACTIVE'),(104,6,1,'NGO','Ngomahuru','ACTIVE'),(105,6,1,'NGU','Ngundu','ACTIVE'),(106,6,1,'REN','Renco','ACTIVE'),(107,6,1,'ZIMU','Zimuto Siding','ACTIVE'),(108,6,1,'RUTE','Rutenga','ACTIVE'),(109,6,1,'SANG','Sango','ACTIVE'),(110,6,1,'SOTI','Soti-Source','ACTIVE'),(111,6,1,'TRI','Triangle','ACTIVE'),(112,6,1,'TSW','Tswiza','ACTIVE'),(113,6,1,'ZAK','Zaka','ACTIVE'),(114,6,1,'MUSE','Musekiwa','ACTIVE'),(115,9,1,'BEMB','Bembezi','ACTIVE'),(116,9,1,'BING','Binga','ACTIVE'),(117,9,1,'DAGA','Dagamela','ACTIVE'),(118,9,1,'DEKA','Deka Drum','ACTIVE'),(119,9,1,'DETE','Dete','ACTIVE'),(120,9,1,'EAST','Eastnor','ACTIVE'),(121,9,1,'HWAN','Hwange','ACTIVE'),(122,9,1,'INYA','Inyati','ACTIVE'),(123,9,1,'KAMA','Kamativi','ACTIVE'),(124,9,1,'KARIY','Kariyangwe','ACTIVE'),(125,9,1,'KAZUN','Kazungula','ACTIVE'),(126,9,1,'KENM','Kenmaur','ACTIVE'),(127,9,1,'LONE','Lonely Mine','ACTIVE'),(128,9,1,'LUPA','Lupane','ACTIVE'),(129,9,1,'LUSU','Lusulu','ACTIVE'),(130,9,1,'MATE','Matetsi','ACTIVE'),(131,9,1,'MLI','Mlibizi','ACTIVE'),(132,9,1,'MSU','Msuna','ACTIVE'),(133,9,1,'NKA','Nkayi','ACTIVE'),(134,9,1,'NTA','Ntabazinduna','ACTIVE'),(135,9,1,'NYAMA','Nyamandhlovu','ACTIVE'),(136,9,1,'PAND','Pandamatenga','ACTIVE'),(137,9,1,'QUEE','Queen\'s Mine','ACTIVE'),(138,9,1,'SHAN','Shangani','ACTIVE'),(139,9,1,'SIAB','Siabuwa','ACTIVE'),(140,9,1,'TSHO','Tsholotsho','ACTIVE'),(141,9,1,'TSHOT','Tshotsholo','ACTIVE'),(142,9,1,'TURK','Turk Mine','ACTIVE'),(143,9,1,'VICF','Victoria Falls','ACTIVE'),(144,10,1,'ANT','Antelope Mine','ACTIVE'),(145,10,1,'BEIT','Beitbridge','ACTIVE'),(146,10,1,'BLAN','Blanket','ACTIVE'),(147,10,1,'COLLE','Colleen Bawn','ACTIVE'),(148,10,1,'ESI','Esimbomvu','ACTIVE'),(149,10,1,'ESIG','Esigodini','ACTIVE'),(150,10,1,'FIGT','Figtree','ACTIVE'),(151,10,1,'FILA','Filabusi','ACTIVE'),(152,10,1,'FORT','Fort Rixon','ACTIVE'),(153,10,1,'FOR','Fort Usher','ACTIVE'),(154,10,1,'GWAND','Gwanda ','ACTIVE'),(155,10,1,'KAM','Kame','ACTIVE'),(156,10,1,'KEZ','Kezi','ACTIVE'),(157,10,1,'MANG','Mangwe','ACTIVE'),(158,10,1,'MAPH','Maphisa','ACTIVE'),(159,10,1,'MAR','Marula','ACTIVE'),(160,10,1,'MAZ','Mazunga','ACTIVE'),(161,10,1,'MBA','Mbalabala','ACTIVE'),(162,10,1,'MPHO','Mphoengs','ACTIVE'),(163,10,1,'NGW','Ngwesi','ACTIVE'),(164,10,1,'NSI','Nsiza','ACTIVE'),(165,10,1,'PLU','Plumtree','ACTIVE'),(166,10,1,'TOW','Towla','ACTIVE'),(167,10,1,'TUL','Tuli','ACTIVE'),(168,10,1,'VUB','Vubachikwe','ACTIVE'),(169,10,1,'WSTN','West Nicholson','ACTIVE'),(170,8,1,'BANN','Bannockburn','ACTIVE'),(171,8,1,'BUCH','Buchwa','ACTIVE'),(172,8,1,'CHI','Chirumanzu','ACTIVE'),(173,8,1,'COPP','Copper Queen','ACTIVE'),(174,8,1,'EMP','Empress Mine','ACTIVE'),(175,8,1,'FEAT','Featherstone','ACTIVE'),(176,8,1,'GOK','Gokwe','ACTIVE'),(177,8,1,'GUI','Guinea Fowl','ACTIVE'),(178,8,1,'GWE','Gweru ','ACTIVE'),(179,8,1,'HUN','Hunters Road','ACTIVE'),(180,8,1,'ING','Ingezi','ACTIVE'),(181,8,1,'INSUK','Insukamini','ACTIVE'),(182,8,1,'KWE','Kwekwe','ACTIVE'),(183,8,1,'LALA','Lalapanzi','ACTIVE'),(184,8,1,'MBE','Mberengwa','ACTIVE'),(185,8,1,'MVU','Mvuma','ACTIVE'),(186,8,1,'NEW','New Featherstone','ACTIVE'),(187,8,1,'NJE','Njelele','ACTIVE'),(188,8,1,'REDC','Redcliff','ACTIVE'),(189,8,1,'SHER','Sherwood','ACTIVE'),(190,8,1,'SHURU','Shurugwi','ACTIVE'),(191,8,1,'SILO','Silobela','ACTIVE'),(192,8,1,'SOMA','Somabhula','ACTIVE'),(193,8,1,'THE','The Range','ACTIVE'),(194,8,1,'ZHO','Zhombe','ACTIVE'),(195,8,1,'ZVI','Zvishavane','ACTIVE');

insert  into `st_sl_merchant_user_master`(`user_id`,`parent_user_id`,`role_id`,`merchant_id`,`merchant_user_id`,`merchant_user_mapping_id`,`user_name`,`user_type`,`is_role_head`,`first_name`,`last_name`,`address`,`mobile_nbr`,`gender`,`email_id`,`city`,`state`,`country`,`org_name`) values (1,0,1,2,'11001',0,'bomaster','BO','Y','Brain','Makwabarara','FedEx House','00',NULL,'brianm@auctioneers.co.zwaaa','Harare','Harare','ZIMBABWE','Africa Lotto');

insert  into `st_sl_property_master`(`id`,`property_code`,`property_dev_name`,`property_display_name`,`status`,`editable`,`value`,`value_type`,`description`) values (1,'JTA_STATUS','JTA_STATUS','JTA Status','ACTIVE','YES','TRUE','String','To set JTA Enable/Disable'),(2,'SPORTS_LOTTERY_TICKET_TYPE','SPORTS_LOTTERY_TICKET_TYPE','Sports Lottery Ticket Type','ACTIVE','YES','TRUE','String','Sports Lottery Ticket Type'),(3,'ROLL_OVER_UPTO_DRAW','ROLL_OVER_UPTO_DRAW','Roll Over Upto Draw','ACTIVE','YES','500','Integer','Roll Over Upto Draw'),(4,'MATCH_LIST_PRINT_COUNT_LIMIT','MATCH_LIST_PRINT_COUNT_LIMIT','Match List Print Count','ACTIVE','YES','15000','Integer','Match List Count Limit'),(5,'IS_LAST_TICKET_CANCEL','IS_LAST_TICKET_CANCEL','Is Last Ticket Cancel','ACTIVE','YES','TRUE','String','Is Last Ticket Cancel'),(6,'IS_BARCODE_ENABLED','IS_BARCODE_ENABLED','Is Barcode Digits Enabled','ACTIVE','YES','FALSE','String','Is Barcode Digits Enabled On Terminal Tkts'),(7,'HARDCODED_JACKPOT_AMOUNT','HARDCODED_JACKPOT_AMOUNT','Hardcoded jackpot amont','INACTIVE','YES','1.00','Double','Hardcoded Jackpot Amount'),(8,'AUTO_CANCEL_CLOSER_DAYS','AUTO_CANCEL_CLOSER_DAYS','Auto Cancel Closer Days','ACTIVE','YES','2','Integer','Auto Cancel Closer Days'),(9,'JACKPOT_DISPLAY_AMOUNT','JACKPOT_DISPLAY_AMOUNT','Jackpot Display Amount','INACTIVE','YES','63','Integer','HARDCODED_JACKPOT_MESSAGE'),(10,'MOBILE_DRAW_LIMIT_WINNING_RESULT','MOBILE_DRAW_LIMIT_WINNING_RESULT','Draw Limit for mobile Winning data','ACTIVE','YES','5','Integer','limit set for winning draw for winnning report at mobile'),(11,'COUNTRY_DEPLOYED','COUNTRY_DEPLOYED','COUNTRY_DEPLOYED','ACTIVE','YES','ZIMBABWE','String','COUNTRY_DEPLOYED'),(12,'CURRENCY_SYMBOL','CURRENCY_SYMBOL','CURRENCY SYMBOL','ACTIVE','YES','USD','String','CURRENCY_SYMBOL'),(13,'org_name','ORG_NAME','Organization Name','ACTIVE','YES','AFRICA LOTTO','String','Organization Name'),(14,'DATE_FORMAT_INTEGRATION','DATE_FORMAT_INTEGRATION','Date Format Integration','ACTIVE','YES','dd-MM-yyyy HH:mm:ss','String','Date Format For Integration'),(15,'IS_TIPS_ODD_AGAINST','IS_TIPS_ODD_AGAINST','is Tipsodd against','ACTIVE','YES','TRUE','String','to point out the fav. team'),(16,'archiving_duration','archiving_duration','archiving_duration','ACTIVE','YES','3','String','how many days Archiving will run'),(17,'arch_db_name','arch_db_name','arch_db_name','ACTIVE','YES','sle_arch_db','String','Archiving Database Name'),(18,'autoArchiving','autoArchiving','autoArchiving','ACTIVE','YES','NO','Boolean','Property To Run Automatic Archiving YES/NO'),(19,'isArchComp','isArchComp','Arch DB Comparison','ACTIVE','YES','0','Integer','Property To Compare Main and Arch DB Comaprison values 0 and 1'),(20,'expiry_period','expiry_period','expiry_period','ACTIVE','YES','30','String','expiry period for archiving'),(21,'MERCHANT_LIST_FOR_PWT_VERIFICATION','MERCHANT_LIST_FOR_PWT_VERIFICATION','MERCHANT_LIST_FOR_PWT_VERIFICATION','INACTIVE','YES','\'Asoft\'','String','Merchant dev name list who will need verification code during pwt verification (i.e \'Asoft,\'okpos\' )'),(22,'IS_SMS_TURN_ON','IS_SMS_TURN_ON','IS_SMS_TURN_ON','ACTIVE','YES','YES','String','IS_SMS_TURN_ON'),(23,'SMS_SERVICE_PROVIDER','SMS_SERVICE_PROVIDER','SMS_SERVICE_PROVIDER','ACTIVE','YES','alertsindia','String','For Zimbabwe-infobip, Nigeria-smsmobile24, India-alertsindia , Nigeria_OLD-maccesssmspush'),(26,'PRINT_USING_APPLET','PRINT_USING_APPLET','PRINT_USING_APPLET','ACTIVE','YES','NO','String','Printing to be done using applet if YES else with Node.js if NO'),(27,'MOBILE_NO_WLS','MOBILE_NO_WLS','MOBILE_NO_WLS','ACTIVE','YES','9871890625,9971168310','String','Numbers on which SMS has to send'),(31,'WEAVER_CARD_DURING_SALE','WEAVER_CARD_DURING_SALE','WEAVER_CARD_DURING_SALE','ACTIVE','YES','TRUE','Boolean','WEAVER_CARD_DURING_SALE');

insert  into `st_sl_scheduler_master`(`scheduler_id`,`game_type_id`,`game_id`,`scheduler_draw_data`,`max_advance_draws`,`additional_draws`,`entry_per_table`,`draw_frequency`,`scheduler_status`) values (1,1,1,'{\r\n  \"WEEKLY\": {\r\n    \"THU\": [\r\n         {\r\n        \"drawTime\": 0600,\r\n        \"mapId\": 1,\r\n        \"freezeTime\": 61230,\r\n        \"saleStartTime\": 145800,\r\n        \"drawStatus\": \"PAEA\"\r\n      }\r\n    ],\r\n    \"SUN\": [\r\n         {\r\n        \"drawTime\": 0600,\r\n        \"mapId\": 1,\r\n        \"freezeTime\": 61230,\r\n        \"saleStartTime\": 145800,\r\n        \"drawStatus\": \"PAEA\"\r\n      }\r\n    ]\r\n  }\r\n}\r\n',2,10,1,'WEEKLY','ACTIVE'),(2,2,1,'{\r\n  \"WEEKLY\": {\r\n    \"THU\": [\r\n         {\r\n        \"drawTime\": 0600,\r\n        \"mapId\": 1,\r\n        \"freezeTime\": 61230,\r\n        \"saleStartTime\": 145800,\r\n        \"drawStatus\": \"PAEA\"\r\n      }\r\n    ],\r\n    \"SUN\": [\r\n         {\r\n        \"drawTime\": 0600,\r\n        \"mapId\": 1,\r\n        \"freezeTime\": 61230,\r\n        \"saleStartTime\": 145800,\r\n        \"drawStatus\": \"PAEA\"\r\n      }\r\n    ]\r\n  }\r\n}\r\n',2,10,1,'WEEKLY','ACTIVE'),(3,3,1,'{\r\n  \"WEEKLY\": {\r\n    \"MON\": [\r\n        {\r\n        \"drawTime\": 0600,\r\n        \"mapId\": 1,\r\n        \"freezeTime\": 61215,\r\n        \"saleStartTime\": 232200,\r\n        \"drawStatus\": \"PAEA\"\r\n      }\r\n    ],\r\n    \"TUE\": [\r\n        {\r\n        \"drawTime\": 0600,\r\n        \"mapId\": 1,\r\n        \"freezeTime\": 61215,\r\n        \"saleStartTime\": 232200,\r\n        \"drawStatus\": \"PAEA\"\r\n      }\r\n    ],\r\n    \"WED\": [\r\n        {\r\n        \"drawTime\": 0600,\r\n        \"mapId\": 1,\r\n        \"freezeTime\": 61215,\r\n        \"saleStartTime\": 232200,\r\n        \"drawStatus\": \"PAEA\"\r\n      }\r\n    ],\r\n    \"THU\": [\r\n        {\r\n        \"drawTime\": 0600,\r\n        \"mapId\": 1,\r\n        \"freezeTime\": 61215,\r\n        \"saleStartTime\": 232200,\r\n        \"drawStatus\": \"PAEA\"\r\n      }\r\n    ],\r\n     \"FRI\": [\r\n        {\r\n        \"drawTime\": 0600,\r\n        \"mapId\": 1,\r\n        \"freezeTime\": 61215,\r\n        \"saleStartTime\": 232200,\r\n        \"drawStatus\": \"PAEA\"\r\n      }\r\n    ],\r\n    \"SAT\": [\r\n        {\r\n        \"drawTime\": 0600,\r\n        \"mapId\": 1,\r\n        \"freezeTime\": 61215,\r\n        \"saleStartTime\": 232200,\r\n        \"drawStatus\": \"PAEA\"\r\n      }\r\n    ],\r\n    \"SUN\": [\r\n        {\r\n        \"drawTime\": 0600,\r\n        \"mapId\": 1,\r\n        \"freezeTime\": 61215,\r\n        \"saleStartTime\": 232200,\r\n        \"drawStatus\": \"PAEA\"\r\n      }\r\n    ]\r\n  }\r\n}',2,10,1,'WEEKLY','ACTIVE'),(4,4,1,'{\r\n  \"WEEKLY\": {\r\n    \"MON\": [\r\n        {\r\n        \"drawTime\": 0600,\r\n        \"mapId\": 1,\r\n        \"freezeTime\": 61215,\r\n        \"saleStartTime\": 232200,\r\n        \"drawStatus\": \"PAEA\"\r\n      }\r\n    ],\r\n    \"TUE\": [\r\n        {\r\n        \"drawTime\": 0600,\r\n        \"mapId\": 1,\r\n        \"freezeTime\": 61215,\r\n        \"saleStartTime\": 232200,\r\n        \"drawStatus\": \"PAEA\"\r\n      }\r\n    ],\r\n    \"WED\": [\r\n        {\r\n        \"drawTime\": 0600,\r\n        \"mapId\": 1,\r\n        \"freezeTime\": 61215,\r\n        \"saleStartTime\": 232200,\r\n        \"drawStatus\": \"PAEA\"\r\n      }\r\n    ],\r\n    \"THU\": [\r\n        {\r\n        \"drawTime\": 0600,\r\n        \"mapId\": 1,\r\n        \"freezeTime\": 61215,\r\n        \"saleStartTime\": 232200,\r\n        \"drawStatus\": \"PAEA\"\r\n      }\r\n    ],\r\n     \"FRI\": [\r\n        {\r\n        \"drawTime\": 0600,\r\n        \"mapId\": 1,\r\n        \"freezeTime\": 61215,\r\n        \"saleStartTime\": 232200,\r\n        \"drawStatus\": \"PAEA\"\r\n      }\r\n    ],\r\n    \"SAT\": [\r\n        {\r\n        \"drawTime\": 0600,\r\n        \"mapId\": 1,\r\n        \"freezeTime\": 61215,\r\n        \"saleStartTime\": 232200,\r\n        \"drawStatus\": \"PAEA\"\r\n      }\r\n    ],\r\n    \"SUN\": [\r\n        {\r\n        \"drawTime\": 0600,\r\n        \"mapId\": 1,\r\n        \"freezeTime\": 61215,\r\n        \"saleStartTime\": 232200,\r\n        \"drawStatus\": \"PAEA\"\r\n      }\r\n    ]\r\n  }\r\n}',2,10,1,'WEEKLY','ACTIVE');

insert  into `st_sl_state_master`(`state_id`,`state_code`,`country_id`,`state_name`,`status`) values (1,'BUL',1,'BULAWAYO','ACTIVE'),(2,'HAR',1,'HARARE','ACTIVE'),(3,'MAC',1,'MASHONALAND CENTRAL','ACTIVE'),(4,'MAE',1,'MASHONALAND EAST','ACTIVE'),(5,'MAN',1,'MANICALAND','ACTIVE'),(6,'MAS',1,'MASVINGO PROVINCE','ACTIVE'),(7,'MAW',1,'MASHONALAND WEST','ACTIVE'),(8,'MID',1,'MIDLANDS PROVINCE','ACTIVE'),(9,'MTN',1,'MATABELELAND NORTH','ACTIVE'),(10,'MTS',1,'MATABELELAND SOUTH','ACTIVE');
