--liquibase formatted sql

--changeset ClientDataSLE:1


insert  into `st_rm_merchant_priv_mapping`(`merchant_priv_id`,`merchant_id`,`priv_id`,`priv_disp_name`,`is_default`,`check_login`,`is_role_head_priv`,`is_sub_user_priv`,`parent_menu_id`,`priv_code`,`hidden`,`status`) values (1,1,1,'Event Insertion','Y','Y','Y','Y',2,NULL,'N','INACTIVE'),(2,2,1,'Event Insertion','Y','Y','Y','Y',4,NULL,'N','ACTIVE'),(3,1,2,'Events Mapping','Y','Y','Y','Y',2,NULL,'N','INACTIVE'),(4,2,2,'Events Mapping','Y','Y','Y','Y',4,NULL,'N','ACTIVE'),(5,1,3,'Result Submission User Assign','Y','Y','Y','Y',9,NULL,'N','INACTIVE'),(6,2,3,'Result Submission User Assign','Y','Y','Y','Y',10,NULL,'N','ACTIVE'),(7,1,4,'Result Submission','Y','Y','Y','Y',9,NULL,'N','INACTIVE'),(8,2,4,'Result Submission','Y','Y','Y','Y',10,NULL,'N','ACTIVE'),(9,1,6,'Track Ticket','Y','Y','Y','Y',9,NULL,'N','ACTIVE'),(10,2,6,'Track Ticket','Y','Y','Y','Y',10,NULL,'N','ACTIVE'),(11,1,5,'Data Report','Y','Y','Y','Y',1,NULL,'N','ACTIVE'),(12,2,5,'Data Report','Y','Y','Y','Y',3,NULL,'N','ACTIVE'),(13,2,7,'Ticket Sale','Y','Y','Y','Y',4,NULL,'N','ACTIVE'),(14,2,8,'Ticket Cancel','Y','Y','Y','Y',4,NULL,'N','ACTIVE'),(15,2,9,'Ticket Reprint','Y','Y','Y','Y',4,NULL,'N','ACTIVE'),(16,2,10,'Ticket PWT','Y','Y','Y','Y',4,NULL,'N','ACTIVE'),(17,2,11,'Ledger Report','Y','Y','Y','Y',3,NULL,'N','ACTIVE'),(18,2,12,'Draw Game Data Report','Y','Y','Y','Y',3,NULL,'N','ACTIVE'),(19,1,14,'Ticket Verification','Y','Y','Y','Y',5,NULL,'N','INACTIVE'),(20,2,14,'Ticket Verification','Y','Y','Y','Y',6,NULL,'N','ACTIVE'),(21,1,13,'Result Approval','Y','Y','Y','N',9,NULL,'N','INACTIVE'),(22,2,13,'Result Approval','Y','Y','Y','N',10,NULL,'N','ACTIVE'),(23,2,15,'Ticket Cancellation','Y','Y','Y','Y',10,NULL,'N','ACTIVE'),(24,2,16,'Fixture Wise Winning Analysis Report','Y','Y','Y','Y',3,NULL,'N','ACTIVE'),(25,2,17,'Merchant Wise Sale PWT Report','Y','Y','Y','Y',3,NULL,'N','ACTIVE'),(26,1,18,'Soccer Sale Trend Report','Y','Y','Y','N',3,NULL,'N','ACTIVE'),(27,2,18,'Soccer Sale Trend Report','Y','Y','Y','N',3,NULL,'N','ACTIVE'),(28,1,19,'Update Jackpot Amount/Message','Y','Y','N','N',7,NULL,'N','ACTIVE'),(29,2,19,'Update Jackpot Amount/Message','Y','Y','N','N',8,NULL,'N','ACTIVE'),(30,1,20,'Draw Management','Y','Y','Y','Y',2,NULL,'N','INACTIVE'),(31,2,20,'Draw Management','Y','Y','Y','Y',4,NULL,'N','ACTIVE'),(32,2,21,'Sale Report','Y','Y','Y','Y',3,NULL,'N','ACTIVE'),(33,2,22,'League Team Management','Y','Y','Y','Y',4,NULL,'N','ACTIVE'),(34,2,23,'Event Management','Y','Y','Y','Y',4,NULL,'N','ACTIVE');

/*Data for the table `st_rm_priv_action_mapping` */

insert  into `st_rm_priv_action_mapping`(`action_id`,`priv_id`,`action_path`,`action_mapping`,`action_disp_name`,`is_start`,`is_audit_trail_display`,`status`) values (1,1,'/com/skilrock/sle/web/merchantUser/drawMgmt/Action/','boEventInsertionMenu.action','Event Insertion Menu','Y','Y','ACTIVE'),(2,1,'/com/skilrock/sle/web/merchantUser/drawMgmt/Action/','boEventInsertionSubmit.action','Event Insertion Submit ','N','N','ACTIVE'),(3,2,'/com/skilrock/sle/web/merchantUser/drawMgmt/Action/','boEventMappingMenu.action','Event Mapping Menu','Y','Y','ACTIVE'),(4,2,'/com/skilrock/sle/web/merchantUser/drawMgmt/Action/','boEventMappingSubmit.action','Event Mapping Submit','N','N','ACTIVE'),(5,3,'/com/skilrock/sle/web/merchantUser/drawMgmt/Action/','boUserAsignMenu.action','Result Submission User Assign','Y','Y','ACTIVE'),(6,3,'/com/skilrock/sle/web/merchantUser/drawMgmt/Action/','boUserAsingSubmit.action','Result Submission User Submit','N','N','ACTIVE'),(7,4,'/com/skilrock/sle/web/merchantUser/drawMgmt/Action/','boResultSubmissionMenu.action','Result Submission Menu','Y','Y','ACTIVE'),(8,4,'/com/skilrock/sle/web/merchantUser/drawMgmt/Action/','boResultSubmissionSubmit.action','Result Submission Submit','N','N','ACTIVE'),(9,5,'/com/skilrock/sle/web/merchantUser/reportsMgmt/Action/','boDrawGameDataReportMenu.action','Draw Game Data Report Menu','Y','N','ACTIVE'),(10,5,'/com/skilrock/sle/web/merchantUser/reportsMgmt/Action/','boDrawGameDataReportSearch.action','Draw Game Data Report Search','N','N','ACTIVE'),(11,6,'/com/skilrock/sle/web/merchantUser/drawMgmt/Action/','boTrackTicketMenu.action','Track Ticket Menu','Y','Y','ACTIVE'),(12,6,'/com/skilrock/sle/web/merchantUser/drawMgmt/Action/','boTrackTicketSearch.action','Track Ticket Search','N','N','ACTIVE'),(13,7,'abc','retTicketSaleMenu.action','Ticket Sale Menu','Y','Y','ACTIVE'),(14,7,'abc','retTicketSaleSubmit.action','Ticket Sale Submit','N','N','ACTIVE'),(15,8,'abc','retTicketCancelMenu.action','Ticket Cancel Menu','Y','Y','ACTIVE'),(16,8,'abc','retTicketCancleSubmit.action','Ticket Cancel Submit','N','N','ACTIVE'),(17,9,'abc','retTicketReprintMenu.action','Ticket Reprint Menu','Y','Y','ACTIVE'),(18,9,'abc','retTicketReprintSubmit.action','Ticket Reprint Save','N','N','ACTIVE'),(19,10,'abc','retTicketPWTMenu.action','Ticket PWT Menu','Y','Y','ACTIVE'),(20,10,'abc','retTicketPWTSubmit.action','Ticket PWT Submit','N','N','ACTIVE'),(21,11,'/com/skilrock/sle/web/merchantUser/reportsMgmt/Action/','agtLedgerReportMenu.action','Ledger Report Menu','Y','Y','ACTIVE'),(22,11,'/com/skilrock/sle/web/merchantUser/reportsMgmt/Action/','agtLedgerReportSearch.action','Ledger Report Search','N','N','ACTIVE'),(23,12,'/com/skilrock/sle/web/merchantUser/reportsMgmt/Action/','agtDrawGameDataReportMenu.action','Draw Game Data Report Search','Y','Y','ACTIVE'),(24,12,'/com/skilrock/sle/web/merchantUser/reportsMgmt/Action/','agtDrawGameDataReportSearch.action','Draw Game Data Report Search','N','N','ACTIVE'),(25,13,'/com/skilrock/sle/web/merchantUser/drawMgmt/Action/','resultApprovalMenu.action','Result Approval Menu','Y','Y','ACTIVE'),(26,13,'/com/skilrock/sle/web/merchantUser/drawMgmt/Action/','resultApprovalSubmit.action','Result Approval Submit','N','N','ACTIVE'),(27,14,'/com/skilrock/sle/web/merchantUser/pwtMgmt/Action/','verifyTicketMenu.action','Ticket Verification','Y','Y','ACTIVE'),(28,14,'/com/skilrock/sle/web/merchantUser/pwtMgmt/Action/','verifyTicketSave.action','Ticket Verification','N','N','ACTIVE'),(29,15,'/com/skilrock/sle/web/merchantUser/drawMgmt/Action/','boCancelTicketMenu.action','Ticket Cancellation','Y','Y','ACTIVE'),(30,15,'/com/skilrock/sle/web/merchantUser/drawMgmt/Action/','boCancelTicketSave.action','Ticket Cancellation','N','N','ACTIVE'),(31,16,'/com/skilrock/sle/web/merchantUser/reportsMgmt/Action/','fixtureWiseWinningAnalysisReportMenu.action','Fixture Wise Winning Analysis Report','Y','Y','ACTIVE'),(32,17,'/com/skilrock/sle/web/merchantUser/reportsMgmt/Action/','merchantWiseSalePwtReportMenu.action','Merchant Wise Sale PWT Report','Y','Y','ACTIVE'),(33,18,'/com/skilrock/sle/web/merchantUser/reportsMgmt/Action/','saleTrendReportSearch.action','Soccer Sale Trend Report Search','N','N','ACTIVE'),(34,18,'/com/skilrock/sle/web/merchantUser/reportsMgmt/Action/','saleTrendReportMenu.action','Soccer Sale Trend Report','Y','Y','ACTIVE'),(35,19,'/com/skilrock/sle/web/merchantUser/miscMgmt/Action/','updateJackpotAmountMessageMenu.action','Update Jackpot Amount/Message','Y','Y','ACTIVE'),(36,19,'/com/skilrock/sle/web/merchantUser/miscMgmt/Action/','updateJackpotAmountMessageUpdate.action','Update Jackpot Amount/Message','N','N','ACTIVE'),(37,20,'/com/skilrock/sle/web/merchantUser/drawMgmt/Action/','drawMgmtMenu.action','Draw Management','Y','N',NULL),(38,21,'/com/skilrock/sle/web/merchantUser/reportsMgmt/Action/','boSaleReportMenu.action','Sale Report','Y','Y','ACTIVE'),(39,22,'/com/skilrock/sle/web/merchantUser/drawMgmt/Action/','sleLeagueTeamInsertion.action','League Team Management','Y','Y','ACTIVE'),(40,23,'/com/skilrock/sle/web/merchantUser/drawMgmt/Action/','eventMgmtMenu.action','Event Management','Y','N','ACTIVE');

/*Data for the table `st_rm_priv_rep` */

insert  into `st_rm_priv_rep`(`priv_id`,`priv_dev_name`,`channel`,`user_type`,`status`) values (1,'EVENT_INSERTION','WEB','BO','ACTIVE'),(2,'EVENT_MAPPING','WEB','BO','ACTIVE'),(3,'USER_ASSIGN','WEB','BO','ACTIVE'),(4,'RESULT_SUBMISSION','WEB','BO','ACTIVE'),(5,'DRAW_GAME_DATA_REPORT','WEB','BO','ACTIVE'),(6,'TRACK_TICKET','WEB','BO','ACTIVE'),(7,'TICKET_SALE','TERMINAL','RETAILER','ACTIVE'),(8,'TICKET_CANCEL','TERMINAL','RETAILER','ACTIVE'),(9,'TICKET_REPRINT','TERMINAL','RETAILER','ACTIVE'),(10,'TICKET_PWT','TERMINAL','RETAILER','ACTIVE'),(11,'LEDGER_REPORT','WEB','AGENT','INACTIVE'),(12,'DRAW_GAME_DATA_REPORT','WEB','AGENT','INACTIVE'),(13,'RESULT_APPROVAL','WEB','BO','ACTIVE'),(14,'TICKET_VERIFICATION','WEB','BO','ACTIVE'),(15,'TICKET_CANCELLATION','WEB','BO','ACTIVE'),(16,'FIXTURE_WISE_WINNING_ANALYSIS_REPORT','WEB','BO','ACTIVE'),(17,'MERCHANT_WISE_SALE_PWT_REPORT','WEB','BO','ACTIVE'),(18,'SOCCER_SALE_TREND_REPORT','WEB','BO','INACTIVE'),(19,'UPDATE_JACKPOT_AMOUNT_MESSAGE','WEB','BO','INACTIVE'),(20,'DRAW_MGMT','WEB','BO','ACTIVE'),(21,'SALE_REPORT','WEB','BO','ACTIVE'),(22,'LEAGUE_TEAM_MANAGEMENT','WEB','BO','ACTIVE'),(23,'EVENT_MANAGEMENT','WEB','BO','ACTIVE');

/*Data for the table `st_rm_role_action_mapping` */

insert  into `st_rm_role_action_mapping`(`rpm_id`,`mct_id`,`role_id`,`action_id`,`status`) values (1,1,1,1,'ACTIVE'),(2,1,1,2,'ACTIVE'),(3,1,1,3,'ACTIVE'),(4,1,1,4,'ACTIVE'),(5,1,1,5,'ACTIVE'),(6,1,1,6,'ACTIVE'),(7,1,1,7,'ACTIVE'),(8,1,1,8,'ACTIVE'),(9,1,1,9,'ACTIVE'),(10,1,1,10,'ACTIVE'),(11,1,1,11,'ACTIVE'),(12,1,1,12,'ACTIVE'),(13,1,1,25,'ACTIVE'),(14,1,1,26,'ACTIVE'),(15,1,1,27,'ACTIVE'),(16,1,1,28,'ACTIVE'),(17,1,1,29,'ACTIVE'),(18,1,1,30,'ACTIVE'),(19,1,1,31,'ACTIVE'),(20,1,1,32,'ACTIVE'),(21,1,1,33,'ACTIVE'),(22,1,1,34,'ACTIVE'),(23,1,1,35,'ACTIVE'),(24,1,1,36,'ACTIVE'),(25,1,1,37,'ACTIVE'),(26,1,1,38,'ACTIVE'),(32,2,2,21,'ACTIVE'),(33,2,2,22,'ACTIVE'),(34,2,2,23,'ACTIVE'),(35,2,2,24,'ACTIVE'),(39,4,3,13,'ACTIVE'),(40,4,3,14,'ACTIVE'),(41,4,3,15,'ACTIVE'),(42,4,3,16,'ACTIVE'),(43,4,3,17,'ACTIVE'),(44,4,3,18,'ACTIVE'),(45,4,3,19,'ACTIVE'),(46,4,3,20,'ACTIVE'),(54,7,5,1,'ACTIVE'),(55,7,5,2,'ACTIVE'),(56,7,5,3,'ACTIVE'),(57,7,5,4,'ACTIVE'),(58,7,5,5,'ACTIVE'),(59,7,5,6,'ACTIVE'),(60,7,5,7,'ACTIVE'),(61,7,5,8,'ACTIVE'),(62,7,5,9,'ACTIVE'),(63,7,5,10,'ACTIVE'),(64,7,5,11,'ACTIVE'),(65,7,5,12,'ACTIVE'),(66,7,5,25,'ACTIVE'),(67,7,5,26,'ACTIVE'),(68,7,5,27,'ACTIVE'),(69,7,5,28,'ACTIVE'),(70,7,5,33,'ACTIVE'),(71,7,5,34,'ACTIVE'),(72,7,5,35,'ACTIVE'),(73,7,5,36,'ACTIVE'),(74,7,5,37,'ACTIVE'),(85,1,6,1,'INACTIVE'),(86,1,6,2,'INACTIVE'),(87,1,6,3,'INACTIVE'),(88,1,6,4,'INACTIVE'),(89,1,6,5,'INACTIVE'),(90,1,6,6,'INACTIVE'),(91,1,6,7,'INACTIVE'),(92,1,6,8,'INACTIVE'),(93,1,6,9,'INACTIVE'),(94,1,6,10,'INACTIVE'),(95,1,6,11,'INACTIVE'),(96,1,6,12,'INACTIVE'),(97,1,6,25,'INACTIVE'),(98,1,6,26,'INACTIVE'),(99,1,6,27,'INACTIVE'),(100,1,6,28,'INACTIVE'),(101,1,6,29,'INACTIVE'),(102,1,6,30,'INACTIVE'),(103,1,6,31,'INACTIVE'),(104,1,6,32,'INACTIVE'),(105,1,6,33,'INACTIVE'),(106,1,6,34,'INACTIVE'),(107,1,6,35,'INACTIVE'),(108,1,6,36,'INACTIVE'),(109,1,6,37,'INACTIVE'),(110,1,6,38,'INACTIVE'),(116,1,7,1,'INACTIVE'),(117,1,7,2,'INACTIVE'),(118,1,7,3,'INACTIVE'),(119,1,7,4,'INACTIVE'),(120,1,7,5,'INACTIVE'),(121,1,7,6,'INACTIVE'),(122,1,7,7,'INACTIVE'),(123,1,7,8,'INACTIVE'),(124,1,7,9,'INACTIVE'),(125,1,7,10,'INACTIVE'),(126,1,7,11,'INACTIVE'),(127,1,7,12,'INACTIVE'),(128,1,7,25,'INACTIVE'),(129,1,7,26,'INACTIVE'),(130,1,7,27,'INACTIVE'),(131,1,7,28,'INACTIVE'),(132,1,7,29,'INACTIVE'),(133,1,7,30,'INACTIVE'),(134,1,7,31,'INACTIVE'),(135,1,7,32,'INACTIVE'),(136,1,7,33,'INACTIVE'),(137,1,7,34,'INACTIVE'),(138,1,7,35,'INACTIVE'),(139,1,7,36,'INACTIVE'),(140,1,7,37,'INACTIVE'),(141,1,7,38,'INACTIVE'),(147,1,8,1,'INACTIVE'),(148,1,8,2,'INACTIVE'),(149,1,8,3,'INACTIVE'),(150,1,8,4,'INACTIVE'),(151,1,8,5,'INACTIVE'),(152,1,8,6,'INACTIVE'),(153,1,8,7,'INACTIVE'),(154,1,8,8,'INACTIVE'),(155,1,8,9,'INACTIVE'),(156,1,8,10,'INACTIVE'),(157,1,8,11,'INACTIVE'),(158,1,8,12,'INACTIVE'),(159,1,8,25,'INACTIVE'),(160,1,8,26,'INACTIVE'),(161,1,8,27,'INACTIVE'),(162,1,8,28,'INACTIVE'),(163,1,8,29,'INACTIVE'),(164,1,8,30,'INACTIVE'),(165,1,8,31,'INACTIVE'),(166,1,8,32,'INACTIVE'),(167,1,8,33,'INACTIVE'),(168,1,8,34,'INACTIVE'),(169,1,8,35,'INACTIVE'),(170,1,8,36,'INACTIVE'),(171,1,8,37,'INACTIVE'),(172,1,8,38,'INACTIVE'),(178,1,9,1,'INACTIVE'),(179,1,9,2,'INACTIVE'),(180,1,9,3,'INACTIVE'),(181,1,9,4,'INACTIVE'),(182,1,9,5,'INACTIVE'),(183,1,9,6,'INACTIVE'),(184,1,9,7,'INACTIVE'),(185,1,9,8,'INACTIVE'),(186,1,9,9,'INACTIVE'),(187,1,9,10,'INACTIVE'),(188,1,9,11,'INACTIVE'),(189,1,9,12,'INACTIVE'),(190,1,9,25,'INACTIVE'),(191,1,9,26,'INACTIVE'),(192,1,9,27,'INACTIVE'),(193,1,9,28,'INACTIVE'),(194,1,9,29,'INACTIVE'),(195,1,9,30,'INACTIVE'),(196,1,9,31,'INACTIVE'),(197,1,9,32,'INACTIVE'),(198,1,9,33,'INACTIVE'),(199,1,9,34,'INACTIVE'),(200,1,9,35,'INACTIVE'),(201,1,9,36,'INACTIVE'),(202,1,9,37,'INACTIVE'),(203,1,9,38,'INACTIVE'),(209,1,10,1,'INACTIVE'),(210,1,10,2,'INACTIVE'),(211,1,10,3,'INACTIVE'),(212,1,10,4,'INACTIVE'),(213,1,10,5,'INACTIVE'),(214,1,10,6,'INACTIVE'),(215,1,10,7,'INACTIVE'),(216,1,10,8,'INACTIVE'),(217,1,10,9,'INACTIVE'),(218,1,10,10,'INACTIVE'),(219,1,10,11,'INACTIVE'),(220,1,10,12,'INACTIVE'),(221,1,10,25,'INACTIVE'),(222,1,10,26,'INACTIVE'),(223,1,10,27,'INACTIVE'),(224,1,10,28,'INACTIVE'),(225,1,10,29,'INACTIVE'),(226,1,10,30,'INACTIVE'),(227,1,10,31,'INACTIVE'),(228,1,10,32,'INACTIVE'),(229,1,10,33,'INACTIVE'),(230,1,10,34,'INACTIVE'),(231,1,10,35,'INACTIVE'),(232,1,10,36,'INACTIVE'),(233,1,10,37,'INACTIVE'),(234,1,10,38,'INACTIVE'),(240,1,11,1,'INACTIVE'),(241,1,11,2,'INACTIVE'),(242,1,11,3,'INACTIVE'),(243,1,11,4,'INACTIVE'),(244,1,11,5,'INACTIVE'),(245,1,11,6,'INACTIVE'),(246,1,11,7,'INACTIVE'),(247,1,11,8,'INACTIVE'),(248,1,11,9,'INACTIVE'),(249,1,11,10,'INACTIVE'),(250,1,11,11,'INACTIVE'),(251,1,11,12,'INACTIVE'),(252,1,11,25,'INACTIVE'),(253,1,11,26,'INACTIVE'),(254,1,11,27,'INACTIVE'),(255,1,11,28,'INACTIVE'),(256,1,11,29,'INACTIVE'),(257,1,11,30,'INACTIVE'),(258,1,11,31,'INACTIVE'),(259,1,11,32,'INACTIVE'),(260,1,11,33,'INACTIVE'),(261,1,11,34,'INACTIVE'),(262,1,11,35,'INACTIVE'),(263,1,11,36,'INACTIVE'),(264,1,11,37,'INACTIVE'),(265,1,11,38,'INACTIVE'),(271,1,12,1,'INACTIVE'),(272,1,12,2,'INACTIVE'),(273,1,12,3,'INACTIVE'),(274,1,12,4,'INACTIVE'),(275,1,12,5,'INACTIVE'),(276,1,12,6,'INACTIVE'),(277,1,12,7,'INACTIVE'),(278,1,12,8,'INACTIVE'),(279,1,12,9,'INACTIVE'),(280,1,12,10,'INACTIVE'),(281,1,12,11,'INACTIVE'),(282,1,12,12,'INACTIVE'),(283,1,12,25,'INACTIVE'),(284,1,12,26,'INACTIVE'),(285,1,12,27,'INACTIVE'),(286,1,12,28,'INACTIVE'),(287,1,12,29,'INACTIVE'),(288,1,12,30,'INACTIVE'),(289,1,12,31,'INACTIVE'),(290,1,12,32,'INACTIVE'),(291,1,12,33,'INACTIVE'),(292,1,12,34,'INACTIVE'),(293,1,12,35,'INACTIVE'),(294,1,12,36,'INACTIVE'),(295,1,12,37,'INACTIVE'),(296,1,12,38,'INACTIVE'),(302,1,13,1,'INACTIVE'),(303,1,13,2,'INACTIVE'),(304,1,13,3,'INACTIVE'),(305,1,13,4,'INACTIVE'),(306,1,13,5,'INACTIVE'),(307,1,13,6,'INACTIVE'),(308,1,13,7,'INACTIVE'),(309,1,13,8,'INACTIVE'),(310,1,13,9,'INACTIVE'),(311,1,13,10,'INACTIVE'),(312,1,13,11,'INACTIVE'),(313,1,13,12,'INACTIVE'),(314,1,13,25,'INACTIVE'),(315,1,13,26,'INACTIVE'),(316,1,13,27,'INACTIVE'),(317,1,13,28,'INACTIVE'),(318,1,13,29,'INACTIVE'),(319,1,13,30,'INACTIVE'),(320,1,13,31,'INACTIVE'),(321,1,13,32,'INACTIVE'),(322,1,13,33,'INACTIVE'),(323,1,13,34,'INACTIVE'),(324,1,13,35,'INACTIVE'),(325,1,13,36,'INACTIVE'),(326,1,13,37,'INACTIVE'),(327,1,13,38,'INACTIVE'),(333,1,14,1,'INACTIVE'),(334,1,14,2,'INACTIVE'),(335,1,14,3,'INACTIVE'),(336,1,14,4,'INACTIVE'),(337,1,14,5,'INACTIVE'),(338,1,14,6,'INACTIVE'),(339,1,14,7,'INACTIVE'),(340,1,14,8,'INACTIVE'),(341,1,14,9,'INACTIVE'),(342,1,14,10,'INACTIVE'),(343,1,14,11,'INACTIVE'),(344,1,14,12,'INACTIVE'),(345,1,14,25,'INACTIVE'),(346,1,14,26,'INACTIVE'),(347,1,14,27,'INACTIVE'),(348,1,14,28,'INACTIVE'),(349,1,14,29,'INACTIVE'),(350,1,14,30,'INACTIVE'),(351,1,14,31,'INACTIVE'),(352,1,14,32,'INACTIVE'),(353,1,14,33,'INACTIVE'),(354,1,14,34,'INACTIVE'),(355,1,14,35,'INACTIVE'),(356,1,14,36,'INACTIVE'),(357,1,14,37,'INACTIVE'),(358,1,14,38,'INACTIVE'),(364,1,15,1,'INACTIVE'),(365,1,15,2,'INACTIVE'),(366,1,15,3,'INACTIVE'),(367,1,15,4,'INACTIVE'),(368,1,15,5,'INACTIVE'),(369,1,15,6,'INACTIVE'),(370,1,15,7,'INACTIVE'),(371,1,15,8,'INACTIVE'),(372,1,15,9,'INACTIVE'),(373,1,15,10,'INACTIVE'),(374,1,15,11,'INACTIVE'),(375,1,15,12,'INACTIVE'),(376,1,15,25,'INACTIVE'),(377,1,15,26,'INACTIVE'),(378,1,15,27,'INACTIVE'),(379,1,15,28,'INACTIVE'),(380,1,15,29,'INACTIVE'),(381,1,15,30,'INACTIVE'),(382,1,15,31,'INACTIVE'),(383,1,15,32,'INACTIVE'),(384,1,15,33,'INACTIVE'),(385,1,15,34,'INACTIVE'),(386,1,15,35,'INACTIVE'),(387,1,15,36,'INACTIVE'),(388,1,15,37,'INACTIVE'),(389,1,15,38,'INACTIVE'),(395,1,16,1,'INACTIVE'),(396,1,16,2,'INACTIVE'),(397,1,16,3,'INACTIVE'),(398,1,16,4,'INACTIVE'),(399,1,16,5,'INACTIVE'),(400,1,16,6,'INACTIVE'),(401,1,16,7,'INACTIVE'),(402,1,16,8,'INACTIVE'),(403,1,16,9,'INACTIVE'),(404,1,16,10,'INACTIVE'),(405,1,16,11,'INACTIVE'),(406,1,16,12,'INACTIVE'),(407,1,16,25,'INACTIVE'),(408,1,16,26,'INACTIVE'),(409,1,16,27,'INACTIVE'),(410,1,16,28,'INACTIVE'),(411,1,16,29,'INACTIVE'),(412,1,16,30,'INACTIVE'),(413,1,16,31,'INACTIVE'),(414,1,16,32,'INACTIVE'),(415,1,16,33,'INACTIVE'),(416,1,16,34,'INACTIVE'),(417,1,16,35,'INACTIVE'),(418,1,16,36,'INACTIVE'),(419,1,16,37,'INACTIVE'),(420,1,16,38,'INACTIVE'),(426,1,17,1,'INACTIVE'),(427,1,17,2,'INACTIVE'),(428,1,17,3,'INACTIVE'),(429,1,17,4,'INACTIVE'),(430,1,17,5,'INACTIVE'),(431,1,17,6,'INACTIVE'),(432,1,17,7,'INACTIVE'),(433,1,17,8,'INACTIVE'),(434,1,17,9,'INACTIVE'),(435,1,17,10,'INACTIVE'),(436,1,17,11,'INACTIVE'),(437,1,17,12,'INACTIVE'),(438,1,17,25,'INACTIVE'),(439,1,17,26,'INACTIVE'),(440,1,17,27,'INACTIVE'),(441,1,17,28,'INACTIVE'),(442,1,17,29,'INACTIVE'),(443,1,17,30,'INACTIVE'),(444,1,17,31,'INACTIVE'),(445,1,17,32,'INACTIVE'),(446,1,17,33,'INACTIVE'),(447,1,17,34,'INACTIVE'),(448,1,17,35,'INACTIVE'),(449,1,17,36,'INACTIVE'),(450,1,17,37,'INACTIVE'),(451,1,17,38,'INACTIVE'),(457,1,18,1,'INACTIVE'),(458,1,18,2,'INACTIVE'),(459,1,18,3,'INACTIVE'),(460,1,18,4,'INACTIVE'),(461,1,18,5,'INACTIVE'),(462,1,18,6,'INACTIVE'),(463,1,18,7,'INACTIVE'),(464,1,18,8,'INACTIVE'),(465,1,18,9,'INACTIVE'),(466,1,18,10,'INACTIVE'),(467,1,18,11,'INACTIVE'),(468,1,18,12,'INACTIVE'),(469,1,18,25,'INACTIVE'),(470,1,18,26,'INACTIVE'),(471,1,18,27,'INACTIVE'),(472,1,18,28,'INACTIVE'),(473,1,18,29,'INACTIVE'),(474,1,18,30,'INACTIVE'),(475,1,18,31,'INACTIVE'),(476,1,18,32,'INACTIVE'),(477,1,18,33,'INACTIVE'),(478,1,18,34,'INACTIVE'),(479,1,18,35,'INACTIVE'),(480,1,18,36,'INACTIVE'),(481,1,18,37,'INACTIVE'),(482,1,18,38,'INACTIVE'),(488,1,19,1,'INACTIVE'),(489,1,19,2,'INACTIVE'),(490,1,19,3,'INACTIVE'),(491,1,19,4,'INACTIVE'),(492,1,19,5,'INACTIVE'),(493,1,19,6,'INACTIVE'),(494,1,19,7,'INACTIVE'),(495,1,19,8,'INACTIVE'),(496,1,19,9,'INACTIVE'),(497,1,19,10,'INACTIVE'),(498,1,19,11,'INACTIVE'),(499,1,19,12,'INACTIVE'),(500,1,19,25,'INACTIVE'),(501,1,19,26,'INACTIVE'),(502,1,19,27,'INACTIVE'),(503,1,19,28,'INACTIVE'),(504,1,19,29,'INACTIVE'),(505,1,19,30,'INACTIVE'),(506,1,19,31,'INACTIVE'),(507,1,19,32,'INACTIVE'),(508,1,19,33,'INACTIVE'),(509,1,19,34,'INACTIVE'),(510,1,19,35,'INACTIVE'),(511,1,19,36,'INACTIVE'),(512,1,19,37,'INACTIVE'),(513,1,19,38,'INACTIVE'),(519,1,20,1,'INACTIVE'),(520,1,20,2,'INACTIVE'),(521,1,20,3,'INACTIVE'),(522,1,20,4,'INACTIVE'),(523,1,20,5,'INACTIVE'),(524,1,20,6,'INACTIVE'),(525,1,20,7,'INACTIVE'),(526,1,20,8,'INACTIVE'),(527,1,20,9,'INACTIVE'),(528,1,20,10,'INACTIVE'),(529,1,20,11,'INACTIVE'),(530,1,20,12,'INACTIVE'),(531,1,20,25,'INACTIVE'),(532,1,20,26,'INACTIVE'),(533,1,20,27,'INACTIVE'),(534,1,20,28,'INACTIVE'),(535,1,20,29,'INACTIVE'),(536,1,20,30,'INACTIVE'),(537,1,20,31,'INACTIVE'),(538,1,20,32,'INACTIVE'),(539,1,20,33,'INACTIVE'),(540,1,20,34,'INACTIVE'),(541,1,20,35,'INACTIVE'),(542,1,20,36,'INACTIVE'),(543,1,20,37,'INACTIVE'),(544,1,20,38,'INACTIVE'),(550,1,21,1,'INACTIVE'),(551,1,21,2,'INACTIVE'),(552,1,21,3,'INACTIVE'),(553,1,21,4,'INACTIVE'),(554,1,21,5,'INACTIVE'),(555,1,21,6,'INACTIVE'),(556,1,21,7,'INACTIVE'),(557,1,21,8,'INACTIVE'),(558,1,21,9,'INACTIVE'),(559,1,21,10,'INACTIVE'),(560,1,21,11,'INACTIVE'),(561,1,21,12,'INACTIVE'),(562,1,21,25,'INACTIVE'),(563,1,21,26,'INACTIVE'),(564,1,21,27,'INACTIVE'),(565,1,21,28,'INACTIVE'),(566,1,21,29,'INACTIVE'),(567,1,21,30,'INACTIVE'),(568,1,21,31,'INACTIVE'),(569,1,21,32,'INACTIVE'),(570,1,21,33,'INACTIVE'),(571,1,21,34,'INACTIVE'),(572,1,21,35,'INACTIVE'),(573,1,21,36,'INACTIVE'),(574,1,21,37,'INACTIVE'),(575,1,21,38,'INACTIVE'),(581,1,22,1,'INACTIVE'),(582,1,22,2,'INACTIVE'),(583,1,22,3,'INACTIVE'),(584,1,22,4,'INACTIVE'),(585,1,22,5,'INACTIVE'),(586,1,22,6,'INACTIVE'),(587,1,22,7,'INACTIVE'),(588,1,22,8,'INACTIVE'),(589,1,22,9,'INACTIVE'),(590,1,22,10,'INACTIVE'),(591,1,22,11,'INACTIVE'),(592,1,22,12,'INACTIVE'),(593,1,22,25,'INACTIVE'),(594,1,22,26,'INACTIVE'),(595,1,22,27,'INACTIVE'),(596,1,22,28,'INACTIVE'),(597,1,22,29,'INACTIVE'),(598,1,22,30,'INACTIVE'),(599,1,22,31,'INACTIVE'),(600,1,22,32,'INACTIVE'),(601,1,22,33,'INACTIVE'),(602,1,22,34,'INACTIVE'),(603,1,22,35,'INACTIVE'),(604,1,22,36,'INACTIVE'),(605,1,22,37,'INACTIVE'),(606,1,22,38,'INACTIVE'),(612,7,23,1,'INACTIVE'),(613,7,23,2,'INACTIVE'),(614,7,23,3,'INACTIVE'),(615,7,23,4,'INACTIVE'),(616,7,23,5,'INACTIVE'),(617,7,23,6,'INACTIVE'),(618,7,23,7,'INACTIVE'),(619,7,23,8,'INACTIVE'),(620,7,23,9,'ACTIVE'),(621,7,23,10,'ACTIVE'),(622,7,23,11,'ACTIVE'),(623,7,23,12,'ACTIVE'),(624,7,23,25,'INACTIVE'),(625,7,23,26,'INACTIVE'),(626,7,23,27,'INACTIVE'),(627,7,23,28,'INACTIVE'),(628,7,23,33,'INACTIVE'),(629,7,23,34,'INACTIVE'),(630,7,23,35,'INACTIVE'),(631,7,23,36,'INACTIVE'),(632,7,23,37,'INACTIVE'),(643,1,1,39,'ACTIVE'),(644,1,1,40,'ACTIVE'),(646,1,6,39,'INACTIVE'),(647,1,6,40,'INACTIVE'),(649,1,7,39,'INACTIVE'),(650,1,7,40,'INACTIVE'),(652,1,8,39,'INACTIVE'),(653,1,8,40,'INACTIVE'),(655,1,9,39,'INACTIVE'),(656,1,9,40,'INACTIVE'),(658,1,10,39,'INACTIVE'),(659,1,10,40,'INACTIVE'),(661,1,11,39,'INACTIVE'),(662,1,11,40,'INACTIVE'),(664,1,12,39,'INACTIVE'),(665,1,12,40,'INACTIVE'),(667,1,13,39,'INACTIVE'),(668,1,13,40,'INACTIVE'),(670,1,14,39,'INACTIVE'),(671,1,14,40,'INACTIVE'),(673,1,15,39,'INACTIVE'),(674,1,15,40,'INACTIVE'),(676,1,16,39,'INACTIVE'),(677,1,16,40,'INACTIVE'),(679,1,17,39,'INACTIVE'),(680,1,17,40,'INACTIVE'),(682,1,18,39,'INACTIVE'),(683,1,18,40,'INACTIVE'),(685,1,19,39,'INACTIVE'),(686,1,19,40,'INACTIVE'),(688,1,20,39,'INACTIVE'),(689,1,20,40,'INACTIVE'),(691,1,21,39,'INACTIVE'),(692,1,21,40,'INACTIVE'),(694,1,22,39,'INACTIVE'),(695,1,22,40,'INACTIVE'),(697,1,24,1,'INACTIVE'),(698,1,24,2,'INACTIVE'),(699,1,24,3,'INACTIVE'),(700,1,24,4,'INACTIVE'),(701,1,24,5,'INACTIVE'),(702,1,24,6,'INACTIVE'),(703,1,24,7,'ACTIVE'),(704,1,24,8,'ACTIVE'),(705,1,24,9,'INACTIVE'),(706,1,24,10,'INACTIVE'),(707,1,24,11,'ACTIVE'),(708,1,24,12,'ACTIVE'),(709,1,24,25,'INACTIVE'),(710,1,24,26,'INACTIVE'),(711,1,24,27,'INACTIVE'),(712,1,24,28,'INACTIVE'),(713,1,24,29,'ACTIVE'),(714,1,24,30,'ACTIVE'),(715,1,24,31,'INACTIVE'),(716,1,24,32,'INACTIVE'),(717,1,24,33,'INACTIVE'),(718,1,24,34,'INACTIVE'),(719,1,24,35,'NA'),(720,1,24,36,'NA'),(721,1,24,37,'INACTIVE'),(722,1,24,38,'INACTIVE'),(723,1,24,39,'INACTIVE'),(724,1,24,40,'INACTIVE'),(725,1,25,1,'INACTIVE'),(726,1,25,2,'INACTIVE'),(727,1,25,3,'INACTIVE'),(728,1,25,4,'INACTIVE'),(729,1,25,5,'ACTIVE'),(730,1,25,6,'ACTIVE'),(731,1,25,7,'ACTIVE'),(732,1,25,8,'ACTIVE'),(733,1,25,9,'INACTIVE'),(734,1,25,10,'INACTIVE'),(735,1,25,11,'ACTIVE'),(736,1,25,12,'ACTIVE'),(737,1,25,25,'ACTIVE'),(738,1,25,26,'ACTIVE'),(739,1,25,27,'INACTIVE'),(740,1,25,28,'INACTIVE'),(741,1,25,29,'ACTIVE'),(742,1,25,30,'ACTIVE'),(743,1,25,31,'INACTIVE'),(744,1,25,32,'INACTIVE'),(745,1,25,33,'INACTIVE'),(746,1,25,34,'INACTIVE'),(747,1,25,35,'NA'),(748,1,25,36,'NA'),(749,1,25,37,'INACTIVE'),(750,1,25,38,'INACTIVE'),(751,1,25,39,'INACTIVE'),(752,1,25,40,'INACTIVE'),(756,1,26,1,'INACTIVE'),(757,1,26,2,'INACTIVE'),(758,1,26,3,'INACTIVE'),(759,1,26,4,'INACTIVE'),(760,1,26,5,'INACTIVE'),(761,1,26,6,'INACTIVE'),(762,1,26,7,'INACTIVE'),(763,1,26,8,'INACTIVE'),(764,1,26,9,'INACTIVE'),(765,1,26,10,'INACTIVE'),(766,1,26,11,'INACTIVE'),(767,1,26,12,'INACTIVE'),(768,1,26,25,'INACTIVE'),(769,1,26,26,'INACTIVE'),(770,1,26,27,'INACTIVE'),(771,1,26,28,'INACTIVE'),(772,1,26,29,'INACTIVE'),(773,1,26,30,'INACTIVE'),(774,1,26,31,'INACTIVE'),(775,1,26,32,'INACTIVE'),(776,1,26,33,'INACTIVE'),(777,1,26,34,'INACTIVE'),(778,1,26,35,'NA'),(779,1,26,36,'NA'),(780,1,26,37,'INACTIVE'),(781,1,26,38,'INACTIVE'),(782,1,26,39,'INACTIVE'),(783,1,26,40,'INACTIVE'),(787,1,27,1,'INACTIVE'),(788,1,27,2,'INACTIVE'),(789,1,27,3,'INACTIVE'),(790,1,27,4,'INACTIVE'),(791,1,27,5,'INACTIVE'),(792,1,27,6,'INACTIVE'),(793,1,27,7,'ACTIVE'),(794,1,27,8,'ACTIVE'),(795,1,27,9,'INACTIVE'),(796,1,27,10,'INACTIVE'),(797,1,27,11,'ACTIVE'),(798,1,27,12,'ACTIVE'),(799,1,27,25,'INACTIVE'),(800,1,27,26,'INACTIVE'),(801,1,27,27,'INACTIVE'),(802,1,27,28,'INACTIVE'),(803,1,27,29,'ACTIVE'),(804,1,27,30,'ACTIVE'),(805,1,27,31,'INACTIVE'),(806,1,27,32,'INACTIVE'),(807,1,27,33,'INACTIVE'),(808,1,27,34,'INACTIVE'),(809,1,27,35,'NA'),(810,1,27,36,'NA'),(811,1,27,37,'INACTIVE'),(812,1,27,38,'INACTIVE'),(813,1,27,39,'INACTIVE'),(814,1,27,40,'INACTIVE'),(818,1,28,1,'INACTIVE'),(819,1,28,2,'INACTIVE'),(820,1,28,3,'INACTIVE'),(821,1,28,4,'INACTIVE'),(822,1,28,5,'INACTIVE'),(823,1,28,6,'INACTIVE'),(824,1,28,7,'ACTIVE'),(825,1,28,8,'ACTIVE'),(826,1,28,9,'INACTIVE'),(827,1,28,10,'INACTIVE'),(828,1,28,11,'ACTIVE'),(829,1,28,12,'ACTIVE'),(830,1,28,25,'INACTIVE'),(831,1,28,26,'INACTIVE'),(832,1,28,27,'INACTIVE'),(833,1,28,28,'INACTIVE'),(834,1,28,29,'ACTIVE'),(835,1,28,30,'ACTIVE'),(836,1,28,31,'INACTIVE'),(837,1,28,32,'INACTIVE'),(838,1,28,33,'INACTIVE'),(839,1,28,34,'INACTIVE'),(840,1,28,35,'NA'),(841,1,28,36,'NA'),(842,1,28,37,'INACTIVE'),(843,1,28,38,'INACTIVE'),(844,1,28,39,'INACTIVE'),(845,1,28,40,'INACTIVE'),(849,1,29,1,'INACTIVE'),(850,1,29,2,'INACTIVE'),(851,1,29,3,'INACTIVE'),(852,1,29,4,'INACTIVE'),(853,1,29,5,'INACTIVE'),(854,1,29,6,'INACTIVE'),(855,1,29,7,'INACTIVE'),(856,1,29,8,'INACTIVE'),(857,1,29,9,'INACTIVE'),(858,1,29,10,'INACTIVE'),(859,1,29,11,'INACTIVE'),(860,1,29,12,'INACTIVE'),(861,1,29,25,'INACTIVE'),(862,1,29,26,'INACTIVE'),(863,1,29,27,'INACTIVE'),(864,1,29,28,'INACTIVE'),(865,1,29,29,'INACTIVE'),(866,1,29,30,'INACTIVE'),(867,1,29,31,'INACTIVE'),(868,1,29,32,'INACTIVE'),(869,1,29,33,'INACTIVE'),(870,1,29,34,'INACTIVE'),(871,1,29,35,'NA'),(872,1,29,36,'NA'),(873,1,29,37,'INACTIVE'),(874,1,29,38,'INACTIVE'),(875,1,29,39,'INACTIVE'),(876,1,29,40,'INACTIVE'),(880,7,30,1,'INACTIVE'),(881,7,30,2,'INACTIVE'),(882,7,30,3,'INACTIVE'),(883,7,30,4,'INACTIVE'),(884,7,30,5,'INACTIVE'),(885,7,30,6,'INACTIVE'),(886,7,30,7,'INACTIVE'),(887,7,30,8,'INACTIVE'),(888,7,30,9,'ACTIVE'),(889,7,30,10,'ACTIVE'),(890,7,30,11,'ACTIVE'),(891,7,30,12,'ACTIVE'),(892,7,30,25,'INACTIVE'),(893,7,30,26,'INACTIVE'),(894,7,30,27,'INACTIVE'),(895,7,30,28,'INACTIVE'),(896,7,30,33,'INACTIVE'),(897,7,30,34,'INACTIVE'),(898,7,30,35,'NA'),(899,7,30,36,'NA'),(900,7,30,37,'INACTIVE'),(911,7,31,1,'INACTIVE'),(912,7,31,2,'INACTIVE'),(913,7,31,3,'INACTIVE'),(914,7,31,4,'INACTIVE'),(915,7,31,5,'INACTIVE'),(916,7,31,6,'INACTIVE'),(917,7,31,7,'INACTIVE'),(918,7,31,8,'INACTIVE'),(919,7,31,9,'ACTIVE'),(920,7,31,10,'ACTIVE'),(921,7,31,11,'ACTIVE'),(922,7,31,12,'ACTIVE'),(923,7,31,25,'INACTIVE'),(924,7,31,26,'INACTIVE'),(925,7,31,27,'INACTIVE'),(926,7,31,28,'INACTIVE'),(927,7,31,33,'INACTIVE'),(928,7,31,34,'INACTIVE'),(929,7,31,35,'NA'),(930,7,31,36,'NA'),(931,7,31,37,'INACTIVE'),(942,1,32,1,'INACTIVE'),(943,1,32,2,'INACTIVE'),(944,1,32,3,'INACTIVE'),(945,1,32,4,'INACTIVE'),(946,1,32,5,'ACTIVE'),(947,1,32,6,'ACTIVE'),(948,1,32,7,'ACTIVE'),(949,1,32,8,'ACTIVE'),(950,1,32,9,'ACTIVE'),(951,1,32,10,'ACTIVE'),(952,1,32,11,'ACTIVE'),(953,1,32,12,'ACTIVE'),(954,1,32,25,'ACTIVE'),(955,1,32,26,'ACTIVE'),(956,1,32,27,'ACTIVE'),(957,1,32,28,'ACTIVE'),(958,1,32,29,'ACTIVE'),(959,1,32,30,'ACTIVE'),(960,1,32,31,'ACTIVE'),(961,1,32,32,'ACTIVE'),(962,1,32,33,'INACTIVE'),(963,1,32,34,'INACTIVE'),(964,1,32,35,'NA'),(965,1,32,36,'NA'),(966,1,32,37,'INACTIVE'),(967,1,32,38,'ACTIVE'),(968,1,32,39,'INACTIVE'),(969,1,32,40,'INACTIVE'),(973,1,33,1,'ACTIVE'),(974,1,33,2,'ACTIVE'),(975,1,33,3,'ACTIVE'),(976,1,33,4,'ACTIVE'),(977,1,33,5,'ACTIVE'),(978,1,33,6,'ACTIVE'),(979,1,33,7,'ACTIVE'),(980,1,33,8,'ACTIVE'),(981,1,33,9,'ACTIVE'),(982,1,33,10,'ACTIVE'),(983,1,33,11,'ACTIVE'),(984,1,33,12,'ACTIVE'),(985,1,33,25,'ACTIVE'),(986,1,33,26,'ACTIVE'),(987,1,33,27,'ACTIVE'),(988,1,33,28,'ACTIVE'),(989,1,33,29,'ACTIVE'),(990,1,33,30,'ACTIVE'),(991,1,33,31,'ACTIVE'),(992,1,33,32,'ACTIVE'),(993,1,33,33,'INACTIVE'),(994,1,33,34,'INACTIVE'),(995,1,33,35,'NA'),(996,1,33,36,'NA'),(997,1,33,37,'INACTIVE'),(998,1,33,38,'ACTIVE'),(999,1,33,39,'ACTIVE'),(1000,1,33,40,'ACTIVE'),(1004,1,34,1,'INACTIVE'),(1005,1,34,2,'INACTIVE'),(1006,1,34,3,'INACTIVE'),(1007,1,34,4,'INACTIVE'),(1008,1,34,5,'INACTIVE'),(1009,1,34,6,'INACTIVE'),(1010,1,34,7,'INACTIVE'),(1011,1,34,8,'INACTIVE'),(1012,1,34,9,'INACTIVE'),(1013,1,34,10,'INACTIVE'),(1014,1,34,11,'INACTIVE'),(1015,1,34,12,'INACTIVE'),(1016,1,34,25,'INACTIVE'),(1017,1,34,26,'INACTIVE'),(1018,1,34,27,'INACTIVE'),(1019,1,34,28,'INACTIVE'),(1020,1,34,29,'INACTIVE'),(1021,1,34,30,'INACTIVE'),(1022,1,34,31,'INACTIVE'),(1023,1,34,32,'INACTIVE'),(1024,1,34,33,'INACTIVE'),(1025,1,34,34,'INACTIVE'),(1026,1,34,35,'NA'),(1027,1,34,36,'NA'),(1028,1,34,37,'INACTIVE'),(1029,1,34,38,'INACTIVE'),(1030,1,34,39,'INACTIVE'),(1031,1,34,40,'INACTIVE'),(1035,1,35,1,'INACTIVE'),(1036,1,35,2,'INACTIVE'),(1037,1,35,3,'INACTIVE'),(1038,1,35,4,'INACTIVE'),(1039,1,35,5,'INACTIVE'),(1040,1,35,6,'INACTIVE'),(1041,1,35,7,'INACTIVE'),(1042,1,35,8,'INACTIVE'),(1043,1,35,9,'INACTIVE'),(1044,1,35,10,'INACTIVE'),(1045,1,35,11,'INACTIVE'),(1046,1,35,12,'INACTIVE'),(1047,1,35,25,'INACTIVE'),(1048,1,35,26,'INACTIVE'),(1049,1,35,27,'INACTIVE'),(1050,1,35,28,'INACTIVE'),(1051,1,35,29,'INACTIVE'),(1052,1,35,30,'INACTIVE'),(1053,1,35,31,'INACTIVE'),(1054,1,35,32,'INACTIVE'),(1055,1,35,33,'INACTIVE'),(1056,1,35,34,'INACTIVE'),(1057,1,35,35,'NA'),(1058,1,35,36,'NA'),(1059,1,35,37,'INACTIVE'),(1060,1,35,38,'INACTIVE'),(1061,1,35,39,'INACTIVE'),(1062,1,35,40,'INACTIVE'),(1066,7,36,1,'INACTIVE'),(1067,7,36,2,'INACTIVE'),(1068,7,36,3,'INACTIVE'),(1069,7,36,4,'INACTIVE'),(1070,7,36,5,'INACTIVE'),(1071,7,36,6,'INACTIVE'),(1072,7,36,7,'INACTIVE'),(1073,7,36,8,'INACTIVE'),(1074,7,36,9,'ACTIVE'),(1075,7,36,10,'ACTIVE'),(1076,7,36,11,'INACTIVE'),(1077,7,36,12,'INACTIVE'),(1078,7,36,25,'INACTIVE'),(1079,7,36,26,'INACTIVE'),(1080,7,36,27,'INACTIVE'),(1081,7,36,28,'INACTIVE'),(1082,7,36,33,'INACTIVE'),(1083,7,36,34,'INACTIVE'),(1084,7,36,35,'NA'),(1085,7,36,36,'NA'),(1086,7,36,37,'INACTIVE'),(1097,1,37,1,'INACTIVE'),(1098,1,37,2,'INACTIVE'),(1099,1,37,3,'INACTIVE'),(1100,1,37,4,'INACTIVE'),(1101,1,37,5,'INACTIVE'),(1102,1,37,6,'INACTIVE'),(1103,1,37,7,'ACTIVE'),(1104,1,37,8,'ACTIVE'),(1105,1,37,9,'INACTIVE'),(1106,1,37,10,'INACTIVE'),(1107,1,37,11,'ACTIVE'),(1108,1,37,12,'ACTIVE'),(1109,1,37,25,'INACTIVE'),(1110,1,37,26,'INACTIVE'),(1111,1,37,27,'INACTIVE'),(1112,1,37,28,'INACTIVE'),(1113,1,37,29,'ACTIVE'),(1114,1,37,30,'ACTIVE'),(1115,1,37,31,'INACTIVE'),(1116,1,37,32,'INACTIVE'),(1117,1,37,33,'INACTIVE'),(1118,1,37,34,'INACTIVE'),(1119,1,37,35,'NA'),(1120,1,37,36,'NA'),(1121,1,37,37,'INACTIVE'),(1122,1,37,38,'ACTIVE'),(1123,1,37,39,'INACTIVE'),(1124,1,37,40,'INACTIVE'),(1125,7,38,1,'INACTIVE'),(1126,7,38,2,'INACTIVE'),(1127,7,38,3,'INACTIVE'),(1128,7,38,4,'INACTIVE'),(1129,7,38,5,'INACTIVE'),(1130,7,38,6,'INACTIVE'),(1131,7,38,7,'INACTIVE'),(1132,7,38,8,'INACTIVE'),(1133,7,38,9,'ACTIVE'),(1134,7,38,10,'ACTIVE'),(1135,7,38,11,'ACTIVE'),(1136,7,38,12,'ACTIVE'),(1137,7,38,25,'INACTIVE'),(1138,7,38,26,'INACTIVE'),(1139,7,38,27,'INACTIVE'),(1140,7,38,28,'INACTIVE'),(1141,7,38,33,'INACTIVE'),(1142,7,38,34,'INACTIVE'),(1143,7,38,35,'NA'),(1144,7,38,36,'NA'),(1145,7,38,37,'INACTIVE');

/*Data for the table `st_rm_role_master` */

insert  into `st_rm_role_master`(`role_id`,`merchant_id`,`merchant_role_id`,`role_name`,`role_description`,`owner_user_id`,`tier_id`,`is_master`,`status`) values (1,2,1,'BO','back office',2,1,'Y','ACTIVE'),(2,2,2,'Agent','Agent master',2,2,'Y','ACTIVE'),(3,2,3,'Retailer','Retailer Master',2,3,'Y','ACTIVE'),(4,1,4,'Player','Player master',1,4,'Y','ACTIVE'),(5,1,5,'BO','Back Office',1,1,'Y','ACTIVE'),(6,2,4,'fdf','dfdf',1,1,'N','ACTIVE'),(7,2,5,'fdffdf','dfdfff',1,1,'N','ACTIVE'),(8,2,6,'hello','hell',1,1,'N','ACTIVE'),(9,2,7,'ff','ff',1,1,'N','ACTIVE'),(10,2,8,'ffr','ffr',1,1,'N','ACTIVE'),(11,2,9,'he','he',1,1,'N','ACTIVE'),(12,2,10,'HR Manager','HR',1,1,'N','ACTIVE'),(13,2,11,'deepakrole','abc',1,1,'N','ACTIVE'),(14,2,12,'test','test',1,1,'N','ACTIVE'),(15,2,13,'skil','rock',1,1,'N','ACTIVE'),(16,2,14,'Roleaks','asdfg',1,1,'N','ACTIVE'),(17,2,15,'sYSTEM','SYSTEM',1,1,'N','ACTIVE'),(18,2,16,'23131','332131',1,1,'N','ACTIVE'),(19,2,18,'pulkit','manager',25030,1,'N','ACTIVE'),(20,2,19,'priviledge','report',25030,1,'N','ACTIVE'),(21,2,20,'me','finance',25030,1,'N','ACTIVE'),(22,2,21,'century','jbj',25030,1,'N','ACTIVE'),(23,1,6,'Test','Test Skilrock',2,1,'N','ACTIVE'),(24,2,5,'ad11','gfgf',1,1,'N','ACTIVE'),(25,2,6,'ssss','ssss',1,1,'N','ACTIVE'),(26,2,7,'dfbgdg','dfgdf',1,1,'N','ACTIVE'),(27,2,8,'bmbn','vbnmbn',1,1,'N','ACTIVE'),(28,2,9,'cvbvc','vgb',1,1,'N','ACTIVE'),(29,2,10,'gbg','gbhe',1,1,'N','ACTIVE'),(30,1,7,'dabba','dabba',2,1,'N','ACTIVE'),(31,1,8,'nalini','dsfdsg',2,1,'N','ACTIVE'),(32,2,11,'test','tetcfgcfg',1,1,'N','ACTIVE'),(33,2,12,'ryhgh','ghfghgh',1,1,'N','ACTIVE'),(34,2,13,'vdvv ','vdsvdv',1,1,'N','ACTIVE'),(35,2,14,'RoleName','fhnekjgerkjgnre',1,1,'N','ACTIVE'),(36,1,9,'agile','agile',2,1,'N','ACTIVE'),(37,2,15,'researcj','research',1,1,'N','ACTIVE'),(38,1,10,'shivani','fdsfsdgdsg',2,1,'N','ACTIVE');

/*Data for the table `st_rm_tier_master` */

insert  into `st_rm_tier_master`(`tier_id`,`tier_name`,`tier_code`,`tier_status`,`parent_tier_id`) values (1,'Back Office','BO','ACTIVE',0),(2,'AGENT','AGENT','ACTIVE',1),(3,'RETAILER','RETAILER','ACTIVE',2),(4,'Player','PLAYER','ACTIVE',0);

/*Data for the table `st_rm_user_action_mapping` */


/*Data for the table `st_sl_calendar` */


/*Data for the table `st_sl_city_master` */


/*Data for the table `st_sl_client_info_master` */

insert  into `st_sl_client_info_master`(`client_id`,`client_access_url`,`on_activity`,`STATUS`) values (1,'http://115.111.246.156:8082/PMS/com/skilrock/pms/sportsLottery/drawMgmt/Action/slResultNotify.action','RESULT_SUBMISSION','ACTIVE');

/*Data for the table `st_sl_country_master` */

insert  into `st_sl_country_master`(`country_id`,`country_code`,`country_name`,`status`) values (1,'ZIM','ZIMBABWE','ACTIVE');

/*Data for the table `st_sl_game_master` */

insert  into `st_sl_game_master`(`game_id`,`game_dev_name`,`game_status`) values (1,'SOCCER','SALE_OPEN');

/*Data for the table `st_sl_game_merchant_mapping` */

insert  into `st_sl_game_merchant_mapping`(`game_id`,`merchant_id`,`game_disp_name`,`max_ticket_amount`,`thersold_ticket_amount`,`max_board_count`,`min_board_count`,`display_order`,`game_status`) values (1,1,'Soccer','5000.00','100.00',1,1,1,'SALE_OPEN'),(1,2,'Soccer','5000.00','100.00',1,1,1,'SALE_OPEN'),(1,3,'Soccer','5000.00','100.00',1,1,1,'SALE_CLOSE'),(1,4,'Soccer','5000.00','100.00',1,1,1,'SALE_CLOSE');



/*Data for the table `st_sl_game_type_master` */

insert  into `st_sl_game_type_master`(`game_type_id`,`game_id`,`type_dev_name`,`no_of_events`,`event_type`,`table_query`,`type_status`,`jackpot_sale_percent`) values (1,1,'soccer13','13','SIMPLE','( `trans_id` bigint(20) unsigned NOT NULL,\r\n  `draw_id` int(11) NOT NULL DEFAULT \'0\',\r\n  `board_id` int(11) NOT NULL DEFAULT \'0\',\r\n  `line_id` int(11) NOT NULL DEFAULT \'0\',\r\n  `ticket_number` bigint(20) NOT NULL DEFAULT \'0\',\r\n  `purchase_channel` enum(\'WEB\',\'TERMINAL\',\'MOBILE\',\'PORTAL\') DEFAULT NULL,\r\n  `merchant_id` int(11) DEFAULT NULL,\r\n  `purchase_date` datetime DEFAULT NULL,\r\n  `party_id` int(11) DEFAULT NULL,\r\n  `event_1` char(20) DEFAULT NULL,\r\n  `event_2` char(20) DEFAULT NULL,\r\n  `event_3` char(20) DEFAULT NULL,\r\n  `event_4` char(20) DEFAULT NULL,\r\n  `event_5` char(20) DEFAULT NULL,\r\n  `event_6` char(20) DEFAULT NULL,\r\n  `event_7` char(20) DEFAULT NULL,\r\n  `event_8` char(20) DEFAULT NULL,\r\n  `event_9` char(20) DEFAULT NULL,\r\n  `event_10` char(20) DEFAULT NULL,\r\n  `event_11` char(20) DEFAULT NULL,\r\n  `event_12` char(20) DEFAULT NULL,\r\n   `event_13` char(20) DEFAULT NULL,\r\n  `no_events` int(11) DEFAULT NULL,\r\n  `bet_amount_multiple` int(11) DEFAULT NULL,\r\n  `unit_price` decimal(10,2) DEFAULT NULL,\r\n  `status` enum(\'UNCLAIMED\',\'CLAIMED\',\'CANCELLED\',\'FAILED\') DEFAULT NULL,\r\n  `rank_id` int(11) DEFAULT NULL,\r\n  `verification_code` varchar(10) NULL,\r\n  KEY `newIndex` (`ticket_number`,`board_id`,`line_id`,`draw_id`)\r\n) ENGINE=InnoDB DEFAULT CHARSET=latin1','SALE_OPEN','15.00'),(2,1,'soccer10','10','SIMPLE','( `trans_id` bigint(20) unsigned NOT NULL,\r\n  `draw_id` int(11) NOT NULL DEFAULT \'0\',\r\n  `board_id` int(11) NOT NULL DEFAULT \'0\',\r\n  `line_id` int(11) NOT NULL DEFAULT \'0\',\r\n  `ticket_number` bigint(20) NOT NULL DEFAULT \'0\',\r\n  `purchase_channel` enum(\'WEB\',\'TERMINAL\',\'MOBILE\',\'PORTAL\') DEFAULT NULL,\r\n  `merchant_id` int(11) DEFAULT NULL,\r\n  `purchase_date` datetime DEFAULT NULL,\r\n  `party_id` int(11) DEFAULT NULL,\r\n  `event_1` char(20) DEFAULT NULL,\r\n  `event_2` char(20) DEFAULT NULL,\r\n  `event_3` char(20) DEFAULT NULL,\r\n  `event_4` char(20) DEFAULT NULL,\r\n  `event_5` char(20) DEFAULT NULL,\r\n  `event_6` char(20) DEFAULT NULL,\r\n  `event_7` char(20) DEFAULT NULL,\r\n  `event_8` char(20) DEFAULT NULL,\r\n  `event_9` char(20) DEFAULT NULL,\r\n  `event_10` char(20) DEFAULT NULL,\r\n `no_events` int(11) DEFAULT NULL,\r\n  `bet_amount_multiple` int(11) DEFAULT NULL,\r\n  `unit_price` decimal(10,2) DEFAULT NULL,\r\n  `status` enum(\'UNCLAIMED\',\'CLAIMED\',\'CANCELLED\',\'FAILED\') DEFAULT NULL,\r\n  `rank_id` int(11) DEFAULT NULL,\r\n `verification_code` varchar(10) NULL,\r\n  KEY `newIndex` (`ticket_number`,`board_id`,`line_id`,`draw_id`)\r\n) ENGINE=InnoDB DEFAULT CHARSET=latin1','SALE_OPEN','21.00'),(3,1,'soccer6','6','SIMPLE','( `trans_id` bigint(20) unsigned NOT NULL,\r\n  `draw_id` int(11) NOT NULL DEFAULT \'0\',\r\n  `board_id` int(11) NOT NULL DEFAULT \'0\',\r\n  `line_id` int(11) NOT NULL DEFAULT \'0\',\r\n  `ticket_number` bigint(20) NOT NULL DEFAULT \'0\',\r\n  `purchase_channel` enum(\'WEB\',\'TERMINAL\',\'MOBILE\',\'PORTAL\') DEFAULT NULL,\r\n  `merchant_id` int(11) DEFAULT NULL,\r\n  `purchase_date` datetime DEFAULT NULL,\r\n  `party_id` int(11) DEFAULT NULL,\r\n  `event_1` char(20) DEFAULT NULL,\r\n  `event_2` char(20) DEFAULT NULL,\r\n  `event_3` char(20) DEFAULT NULL,\r\n  `event_4` char(20) DEFAULT NULL,\r\n  `event_5` char(20) DEFAULT NULL,\r\n  `event_6` char(20) DEFAULT NULL,\r\n `no_events` int(11) DEFAULT NULL,\r\n  `bet_amount_multiple` int(11) DEFAULT NULL,\r\n  `unit_price` decimal(10,2) DEFAULT NULL,\r\n  `status` enum(\'UNCLAIMED\',\'CLAIMED\',\'CANCELLED\',\'FAILED\') DEFAULT NULL,\r\n  `rank_id` int(11) DEFAULT NULL,\r\n `verification_code` varchar(10) NULL,\r\n  KEY `newIndex` (`ticket_number`,`board_id`,`line_id`,`draw_id`)\r\n) ENGINE=InnoDB DEFAULT CHARSET=latin1','SALE_OPEN','0.00'),(4,1,'soccer4','4','SIMPLE','( `trans_id` bigint(20) unsigned NOT NULL,\r\n  `draw_id` int(11) NOT NULL DEFAULT \'0\',\r\n  `board_id` int(11) NOT NULL DEFAULT \'0\',\r\n  `line_id` int(11) NOT NULL DEFAULT \'0\',\r\n  `ticket_number` bigint(20) NOT NULL DEFAULT \'0\',\r\n  `purchase_channel` enum(\'WEB\',\'TERMINAL\',\'MOBILE\',\'PORTAL\') DEFAULT NULL,\r\n  `merchant_id` int(11) DEFAULT NULL,\r\n  `purchase_date` datetime DEFAULT NULL,\r\n  `party_id` int(11) DEFAULT NULL,\r\n  `event_1` char(20) DEFAULT NULL,\r\n  `event_2` char(20) DEFAULT NULL,\r\n  `event_3` char(20) DEFAULT NULL,\r\n  `event_4` char(20) DEFAULT NULL,\r\n `no_events` int(11) DEFAULT NULL,\r\n  `bet_amount_multiple` int(11) DEFAULT NULL,\r\n  `unit_price` decimal(10,2) DEFAULT NULL,\r\n  `status` enum(\'UNCLAIMED\',\'CLAIMED\',\'CANCELLED\',\'FAILED\') DEFAULT NULL,\r\n  `rank_id` int(11) DEFAULT NULL,\r\n `verification_code` varchar(10) NULL,\r\n  KEY `newIndex` (`ticket_number`,`board_id`,`line_id`,`draw_id`)\r\n) ENGINE=InnoDB DEFAULT CHARSET=latin1','SALE_OPEN','0.00');

/*Data for the table `st_sl_league_master` */


/*Data for the table `st_sl_merchant_master` */

insert  into `st_sl_merchant_master`(`merchant_id`,`merchant_name`,`merchant_dev_name`,`service_id`,`registration_date`,`protocol`,`merchant_ip`,`port`,`project_name`,`merchant_user_name`,`merchant_password`,`status`) values (1,'PMS','PMS',3,'2013-12-17 12:00:00','http','115.111.246.156','8082','PMS','E49B4EF3-1511-4B8B-86D2-CE78DA0F74D7','p@55w0rd','ACTIVE'),(2,'RMS','RMS',6,'2013-12-17 12:00:00','http','115.111.246.156','8180','LMSLinuxNew','E49B4EF3-1511-4B8B-86D2-CE78DA0F74D6','p@55w0rd','ACTIVE'),(3,'OKPOS','OKPOS',2,NULL,NULL,NULL,NULL,NULL,'okpos','P@$$w0rD','INACTIVE'),(4,'Asoft','Asoft',4,NULL,NULL,NULL,NULL,NULL,'afrosoft','Zgro6kTae@QY=','INACTIVE');


/*Data for the table `st_sl_option_master` */

insert  into `st_sl_option_master`(`option_id`,`option_dev_name`,`option_disp_name`,`status`) values (1,'H','HOME','ACTIVE'),(2,'D','DRAW','ACTIVE'),(3,'A','AWAY','ACTIVE'),(4,'H+','HOME(+2)','ACTIVE'),(5,'H','HOME','ACTIVE'),(6,'A+','AWAY(+2)','ACTIVE'),(7,'A','AWAY','ACTIVE'),(8,'C','CANCEL','ACTIVE');



/*Data for the table `st_sl_schedular_merchant_mapping` */

insert  into `st_sl_schedular_merchant_mapping`(`map_id`,`schedular_id`,`merchant_id`,`draw_data`) values (2,1,1,'{\r\n  \"WEEKLY\": {\r\n    \"THU\": {\r\n      \"1\": {\r\n        \"drawName\": \"THURSDAY-S13\",\r\n        \"verificationDays\": 0,\r\n        \"claimStartDays\": 0,\r\n        \"claimEndDays\": -15,\r\n        \"drawDisplayType\": \"DRAW_NAME\",\r\n        \"eventStartId\": 1\r\n      }\r\n    },\r\n    \"SUN\": {\r\n      \"1\": {\r\n        \"drawName\": \"SUNDAY-S13\",\r\n        \"verificationDays\": 0,\r\n        \"claimStartDays\": 0,\r\n        \"claimEndDays\": -15,\r\n        \"drawDisplayType\": \"DRAW_NAME\",\r\n        \"eventStartId\": 1\r\n      }\r\n    }\r\n  }\r\n}\r\n'),(3,1,2,'{\r\n  \"WEEKLY\": {\r\n    \"THU\": {\r\n      \"1\": {\r\n        \"drawName\": \"THURSDAY-S13\",\r\n        \"verificationDays\": 0,\r\n        \"claimStartDays\": 0,\r\n        \"claimEndDays\": -15,\r\n        \"drawDisplayType\": \"DRAW_NAME\",\r\n        \"eventStartId\": 1\r\n      }\r\n    },\r\n    \"SUN\": {\r\n      \"1\": {\r\n        \"drawName\": \"SUNDAY-S13\",\r\n        \"verificationDays\": 0,\r\n        \"claimStartDays\": 0,\r\n        \"claimEndDays\": -15,\r\n        \"drawDisplayType\": \"DRAW_NAME\",\r\n        \"eventStartId\": 1\r\n      }\r\n    }\r\n  }\r\n}\r\n'),(4,2,1,'{\r\n  \"WEEKLY\": {\r\n    \"THU\": {\r\n      \"1\": {\r\n        \"drawName\": \"THURSDAY-S10\",\r\n        \"verificationDays\": 0,\r\n        \"claimStartDays\": 0,\r\n        \"claimEndDays\": -15,\r\n        \"drawDisplayType\": \"DRAW_NAME\",\r\n        \"eventStartId\": 1\r\n      }\r\n    },\r\n    \"SUN\": {\r\n      \"1\": {\r\n        \"drawName\": \"SUNDAY-S10\",\r\n        \"verificationDays\": 0,\r\n        \"claimStartDays\": 0,\r\n        \"claimEndDays\": -15,\r\n        \"drawDisplayType\": \"DRAW_NAME\",\r\n        \"eventStartId\": 1\r\n      }\r\n    }\r\n  }\r\n}\r\n'),(5,2,2,'{\r\n  \"WEEKLY\": {\r\n    \"THU\": {\r\n      \"1\": {\r\n        \"drawName\": \"THURSDAY-S10\",\r\n        \"verificationDays\": 0,\r\n        \"claimStartDays\": 0,\r\n        \"claimEndDays\": -15,\r\n        \"drawDisplayType\": \"DRAW_NAME\",\r\n        \"eventStartId\": 1\r\n      }\r\n    },\r\n    \"SUN\": {\r\n      \"1\": {\r\n        \"drawName\": \"SUNDAY-S10\",\r\n        \"verificationDays\": 0,\r\n        \"claimStartDays\": 0,\r\n        \"claimEndDays\": -15,\r\n        \"drawDisplayType\": \"DRAW_NAME\",\r\n        \"eventStartId\": 1\r\n      }\r\n    }\r\n  }\r\n}\r\n'),(6,3,1,'{\r\n  \"WEEKLY\": {\r\n    \"MON\": {\r\n      \"1\": {\r\n        \"drawName\": \"MONDAY-S6\",\r\n        \"verificationDays\": 0,\r\n        \"claimStartDays\": 0,\r\n        \"claimEndDays\": -15,\r\n        \"drawDisplayType\": \"DRAW_NAME\",\r\n        \"eventStartId\": 1\r\n      }\r\n    },\r\n    \"TUE\": {\r\n      \"1\": {\r\n        \"drawName\": \"TUESDAY-S6\",\r\n        \"verificationDays\": 0,\r\n        \"claimStartDays\": 0,\r\n        \"claimEndDays\": -15,\r\n        \"drawDisplayType\": \"DRAW_NAME\",\r\n        \"eventStartId\": 1\r\n      }\r\n    },\r\n    \"WED\": {\r\n      \"1\": {\r\n        \"drawName\": \"WEDNESDAY-S6\",\r\n        \"verificationDays\": 0,\r\n        \"claimStartDays\": 0,\r\n        \"claimEndDays\": -15,\r\n        \"drawDisplayType\": \"DRAW_NAME\",\r\n        \"eventStartId\": 1\r\n      }\r\n    },\r\n    \"THU\": {\r\n      \"1\": {\r\n        \"drawName\": \"THURSDAY-S6\",\r\n        \"verificationDays\": 0,\r\n        \"claimStartDays\": 0,\r\n        \"claimEndDays\": -15,\r\n        \"drawDisplayType\": \"DRAW_NAME\",\r\n        \"eventStartId\": 1\r\n      }\r\n    },\r\n    \"FRI\": {\r\n      \"1\": {\r\n        \"drawName\": \"FRIDAY-S6\",\r\n        \"verificationDays\": 0,\r\n        \"claimStartDays\": 0,\r\n        \"claimEndDays\": -15,\r\n        \"drawDisplayType\": \"DRAW_NAME\",\r\n        \"eventStartId\": 1\r\n      }\r\n    },\r\n    \"SAT\": {\r\n      \"1\": {\r\n        \"drawName\": \"SATURDAY-S6\",\r\n        \"verificationDays\": 0,\r\n        \"claimStartDays\": 0,\r\n        \"claimEndDays\": -15,\r\n        \"drawDisplayType\": \"DRAW_NAME\",\r\n        \"eventStartId\": 1\r\n      }\r\n    },\r\n    \"SUN\": {\r\n      \"1\": {\r\n        \"drawName\": \"SUNDAY-S6\",\r\n        \"verificationDays\": 0,\r\n        \"claimStartDays\": 0,\r\n        \"claimEndDays\": -15,\r\n        \"drawDisplayType\": \"DRAW_NAME\",\r\n        \"eventStartId\": 1\r\n      }\r\n    }\r\n  }\r\n}\r\n'),(7,3,2,'{\r\n  \"WEEKLY\": {\r\n    \"MON\": {\r\n      \"1\": {\r\n        \"drawName\": \"MONDAY-S6\",\r\n        \"verificationDays\": 0,\r\n        \"claimStartDays\": 0,\r\n        \"claimEndDays\": -15,\r\n        \"drawDisplayType\": \"DRAW_NAME\",\r\n        \"eventStartId\": 1\r\n      }\r\n    },\r\n    \"TUE\": {\r\n      \"1\": {\r\n        \"drawName\": \"TUESDAY-S6\",\r\n        \"verificationDays\": 0,\r\n        \"claimStartDays\": 0,\r\n        \"claimEndDays\": -15,\r\n        \"drawDisplayType\": \"DRAW_NAME\",\r\n        \"eventStartId\": 1\r\n      }\r\n    },\r\n    \"WED\": {\r\n      \"1\": {\r\n        \"drawName\": \"WEDNESDAY-S6\",\r\n        \"verificationDays\": 0,\r\n        \"claimStartDays\": 0,\r\n        \"claimEndDays\": -15,\r\n        \"drawDisplayType\": \"DRAW_NAME\",\r\n        \"eventStartId\": 1\r\n      }\r\n    },\r\n    \"THU\": {\r\n      \"1\": {\r\n        \"drawName\": \"THURSDAY-S6\",\r\n        \"verificationDays\": 0,\r\n        \"claimStartDays\": 0,\r\n        \"claimEndDays\": -15,\r\n        \"drawDisplayType\": \"DRAW_NAME\",\r\n        \"eventStartId\": 1\r\n      }\r\n    },\r\n    \"FRI\": {\r\n      \"1\": {\r\n        \"drawName\": \"FRIDAY-S6\",\r\n        \"verificationDays\": 0,\r\n        \"claimStartDays\": 0,\r\n        \"claimEndDays\": -15,\r\n        \"drawDisplayType\": \"DRAW_NAME\",\r\n        \"eventStartId\": 1\r\n      }\r\n    },\r\n    \"SAT\": {\r\n      \"1\": {\r\n        \"drawName\": \"SATURDAY-S6\",\r\n        \"verificationDays\": 0,\r\n        \"claimStartDays\": 0,\r\n        \"claimEndDays\": -15,\r\n        \"drawDisplayType\": \"DRAW_NAME\",\r\n        \"eventStartId\": 1\r\n      }\r\n    },\r\n    \"SUN\": {\r\n      \"1\": {\r\n        \"drawName\": \"SUNDAY-S6\",\r\n        \"verificationDays\": 0,\r\n        \"claimStartDays\": 0,\r\n        \"claimEndDays\": -15,\r\n        \"drawDisplayType\": \"DRAW_NAME\",\r\n        \"eventStartId\": 1\r\n      }\r\n    }\r\n  }\r\n}\r\n'),(8,4,1,'{\r\n  \"WEEKLY\": {\r\n    \"MON\": {\r\n      \"1\": {\r\n        \"drawName\": \"MONDAY-S4\",\r\n        \"verificationDays\": 0,\r\n        \"claimStartDays\": 0,\r\n        \"claimEndDays\": -15,\r\n        \"drawDisplayType\": \"DRAW_NAME\",\r\n        \"eventStartId\": 1\r\n      }\r\n    },\r\n    \"TUE\": {\r\n      \"1\": {\r\n        \"drawName\": \"TUESDAY-S4\",\r\n        \"verificationDays\": 0,\r\n        \"claimStartDays\": 0,\r\n        \"claimEndDays\": -15,\r\n        \"drawDisplayType\": \"DRAW_NAME\",\r\n        \"eventStartId\": 1\r\n      }\r\n    },\r\n    \"WED\": {\r\n      \"1\": {\r\n        \"drawName\": \"WEDNESDAY-S4\",\r\n        \"verificationDays\": 0,\r\n        \"claimStartDays\": 0,\r\n        \"claimEndDays\": -15,\r\n        \"drawDisplayType\": \"DRAW_NAME\",\r\n        \"eventStartId\": 1\r\n      }\r\n    },\r\n    \"THU\": {\r\n      \"1\": {\r\n        \"drawName\": \"THURSDAY-S4\",\r\n        \"verificationDays\": 0,\r\n        \"claimStartDays\": 0,\r\n        \"claimEndDays\": -15,\r\n        \"drawDisplayType\": \"DRAW_NAME\",\r\n        \"eventStartId\": 1\r\n      }\r\n    },\r\n    \"FRI\": {\r\n      \"1\": {\r\n        \"drawName\": \"FRIDAY-S4\",\r\n        \"verificationDays\": 0,\r\n        \"claimStartDays\": 0,\r\n        \"claimEndDays\": -15,\r\n        \"drawDisplayType\": \"DRAW_NAME\",\r\n        \"eventStartId\": 1\r\n      }\r\n    },\r\n    \"SAT\": {\r\n      \"1\": {\r\n        \"drawName\": \"SATURDAY-S4\",\r\n        \"verificationDays\": 0,\r\n        \"claimStartDays\": 0,\r\n        \"claimEndDays\": -15,\r\n        \"drawDisplayType\": \"DRAW_NAME\",\r\n        \"eventStartId\": 1\r\n      }\r\n    },\r\n    \"SUN\": {\r\n      \"1\": {\r\n        \"drawName\": \"SUNDAY-S4\",\r\n        \"verificationDays\": 0,\r\n        \"claimStartDays\": 0,\r\n        \"claimEndDays\": -15,\r\n        \"drawDisplayType\": \"DRAW_NAME\",\r\n        \"eventStartId\": 1\r\n      }\r\n    }\r\n  }\r\n}\r\n'),(9,4,2,'{\r\n  \"WEEKLY\": {\r\n    \"MON\": {\r\n      \"1\": {\r\n        \"drawName\": \"MONDAY-S4\",\r\n        \"verificationDays\": 0,\r\n        \"claimStartDays\": 0,\r\n        \"claimEndDays\": -15,\r\n        \"drawDisplayType\": \"DRAW_NAME\",\r\n        \"eventStartId\": 1\r\n      }\r\n    },\r\n    \"TUE\": {\r\n      \"1\": {\r\n        \"drawName\": \"TUESDAY-S4\",\r\n        \"verificationDays\": 0,\r\n        \"claimStartDays\": 0,\r\n        \"claimEndDays\": -15,\r\n        \"drawDisplayType\": \"DRAW_NAME\",\r\n        \"eventStartId\": 1\r\n      }\r\n    },\r\n    \"WED\": {\r\n      \"1\": {\r\n        \"drawName\": \"WEDNESDAY-S4\",\r\n        \"verificationDays\": 0,\r\n        \"claimStartDays\": 0,\r\n        \"claimEndDays\": -15,\r\n        \"drawDisplayType\": \"DRAW_NAME\",\r\n        \"eventStartId\": 1\r\n      }\r\n    },\r\n    \"THU\": {\r\n      \"1\": {\r\n        \"drawName\": \"THURSDAY-S4\",\r\n        \"verificationDays\": 0,\r\n        \"claimStartDays\": 0,\r\n        \"claimEndDays\": -15,\r\n        \"drawDisplayType\": \"DRAW_NAME\",\r\n        \"eventStartId\": 1\r\n      }\r\n    },\r\n    \"FRI\": {\r\n      \"1\": {\r\n        \"drawName\": \"FRIDAY-S4\",\r\n        \"verificationDays\": 0,\r\n        \"claimStartDays\": 0,\r\n        \"claimEndDays\": -15,\r\n        \"drawDisplayType\": \"DRAW_NAME\",\r\n        \"eventStartId\": 1\r\n      }\r\n    },\r\n    \"SAT\": {\r\n      \"1\": {\r\n        \"drawName\": \"SATURDAY-S4\",\r\n        \"verificationDays\": 0,\r\n        \"claimStartDays\": 0,\r\n        \"claimEndDays\": -15,\r\n        \"drawDisplayType\": \"DRAW_NAME\",\r\n        \"eventStartId\": 1\r\n      }\r\n    },\r\n    \"SUN\": {\r\n      \"1\": {\r\n        \"drawName\": \"SUNDAY-S4\",\r\n        \"verificationDays\": 0,\r\n        \"claimStartDays\": 0,\r\n        \"claimEndDays\": -15,\r\n        \"drawDisplayType\": \"DRAW_NAME\",\r\n        \"eventStartId\": 1\r\n      }\r\n    }\r\n  }\r\n}\r\n'),(13,1,3,'{\r\n  \"WEEKLY\": {\r\n    \"THU\": {\r\n      \"1\": {\r\n        \"drawName\": \"THURSDAY-S13\",\r\n        \"verificationDays\": -1,\r\n        \"claimStartDays\": -1,\r\n        \"claimEndDays\": -15,\r\n        \"drawDisplayType\": \"DRAW_NAME\",\r\n        \"eventStartId\": 1\r\n      }\r\n    },\r\n    \"SUN\": {\r\n      \"1\": {\r\n        \"drawName\": \"SUNDAY-S13\",\r\n        \"verificationDays\": -1,\r\n        \"claimStartDays\": -1,\r\n        \"claimEndDays\": -15,\r\n        \"drawDisplayType\": \"DRAW_NAME\",\r\n        \"eventStartId\": 1\r\n      }\r\n    }\r\n  }\r\n}\r\n'),(14,1,4,'{\r\n  \"WEEKLY\": {\r\n    \"THU\": {\r\n      \"1\": {\r\n        \"drawName\": \"THURSDAY-S13\",\r\n        \"verificationDays\": -1,\r\n        \"claimStartDays\": -1,\r\n        \"claimEndDays\": -15,\r\n        \"drawDisplayType\": \"DRAW_NAME\",\r\n        \"eventStartId\": 1\r\n      }\r\n    },\r\n    \"SUN\": {\r\n      \"1\": {\r\n        \"drawName\": \"SUNDAY-S13\",\r\n        \"verificationDays\": -1,\r\n        \"claimStartDays\": -1,\r\n        \"claimEndDays\": -15,\r\n        \"drawDisplayType\": \"DRAW_NAME\",\r\n        \"eventStartId\": 1\r\n      }\r\n    }\r\n  }\r\n}\r\n'),(15,2,3,'{\r\n  \"WEEKLY\": {\r\n    \"THU\": {\r\n      \"1\": {\r\n        \"drawName\": \"THURSDAY-S10\",\r\n        \"verificationDays\": -1,\r\n        \"claimStartDays\": -1,\r\n        \"claimEndDays\": -15,\r\n        \"drawDisplayType\": \"DRAW_NAME\",\r\n        \"eventStartId\": 1\r\n      }\r\n    },\r\n    \"SUN\": {\r\n      \"1\": {\r\n        \"drawName\": \"SUNDAY-S10\",\r\n        \"verificationDays\": -1,\r\n        \"claimStartDays\": -1,\r\n        \"claimEndDays\": -15,\r\n        \"drawDisplayType\": \"DRAW_NAME\",\r\n        \"eventStartId\": 1\r\n      }\r\n    }\r\n  }\r\n}'),(16,2,4,'{\r\n  \"WEEKLY\": {\r\n    \"THU\": {\r\n      \"1\": {\r\n        \"drawName\": \"THURSDAY-S10\",\r\n        \"verificationDays\": -1,\r\n        \"claimStartDays\": -1,\r\n        \"claimEndDays\": -15,\r\n        \"drawDisplayType\": \"DRAW_NAME\",\r\n        \"eventStartId\": 1\r\n      }\r\n    },\r\n    \"SUN\": {\r\n      \"1\": {\r\n        \"drawName\": \"SUNDAY-S10\",\r\n        \"verificationDays\": -1,\r\n        \"claimStartDays\": -1,\r\n        \"claimEndDays\": -15,\r\n        \"drawDisplayType\": \"DRAW_NAME\",\r\n        \"eventStartId\": 1\r\n      }\r\n    }\r\n  }\r\n}'),(17,3,3,'{\r\n  \"WEEKLY\": {\r\n    \"MON\": {\r\n      \"1\": {\r\n        \"drawName\": \"MONDAY-S6\",\r\n        \"verificationDays\": -1,\r\n        \"claimStartDays\": -1,\r\n        \"claimEndDays\": -15,\r\n        \"drawDisplayType\": \"DRAW_NAME\",\r\n        \"eventStartId\": 1\r\n      }\r\n    },\r\n    \"TUE\": {\r\n      \"1\": {\r\n        \"drawName\": \"TUESDAY-S6\",\r\n        \"verificationDays\": -1,\r\n        \"claimStartDays\": -1,\r\n        \"claimEndDays\": -15,\r\n        \"drawDisplayType\": \"DRAW_NAME\",\r\n        \"eventStartId\": 1\r\n      }\r\n    },\r\n    \"WED\": {\r\n      \"1\": {\r\n        \"drawName\": \"WEDNESDAY-S6\",\r\n        \"verificationDays\": -1,\r\n        \"claimStartDays\": -1,\r\n        \"claimEndDays\": -15,\r\n        \"drawDisplayType\": \"DRAW_NAME\",\r\n        \"eventStartId\": 1\r\n      }\r\n    },\r\n    \"THU\": {\r\n      \"1\": {\r\n        \"drawName\": \"THURSDAY-S6\",\r\n        \"verificationDays\": -1,\r\n        \"claimStartDays\": -1,\r\n        \"claimEndDays\": -15,\r\n        \"drawDisplayType\": \"DRAW_NAME\",\r\n        \"eventStartId\": 1\r\n      }\r\n    },\r\n    \"FRI\": {\r\n      \"1\": {\r\n        \"drawName\": \"FRIDAY-S6\",\r\n        \"verificationDays\": -1,\r\n        \"claimStartDays\": -1,\r\n        \"claimEndDays\": -15,\r\n        \"drawDisplayType\": \"DRAW_NAME\",\r\n        \"eventStartId\": 1\r\n      }\r\n    },\r\n    \"SAT\": {\r\n      \"1\": {\r\n        \"drawName\": \"SATURDAY-S6\",\r\n        \"verificationDays\": -1,\r\n        \"claimStartDays\": -1,\r\n        \"claimEndDays\": -15,\r\n        \"drawDisplayType\": \"DRAW_NAME\",\r\n        \"eventStartId\": 1\r\n      }\r\n    },\r\n    \"SUN\": {\r\n      \"1\": {\r\n        \"drawName\": \"SUNDAY-S6\",\r\n        \"verificationDays\": -1,\r\n        \"claimStartDays\": -1,\r\n        \"claimEndDays\": -15,\r\n        \"drawDisplayType\": \"DRAW_NAME\",\r\n        \"eventStartId\": 1\r\n      }\r\n    }\r\n  }\r\n}\r\n'),(18,3,4,'{\r\n  \"WEEKLY\": {\r\n    \"MON\": {\r\n      \"1\": {\r\n        \"drawName\": \"MONDAY-S6\",\r\n        \"verificationDays\": -1,\r\n        \"claimStartDays\": -1,\r\n        \"claimEndDays\": -15,\r\n        \"drawDisplayType\": \"DRAW_NAME\",\r\n        \"eventStartId\": 1\r\n      }\r\n    },\r\n    \"TUE\": {\r\n      \"1\": {\r\n        \"drawName\": \"TUESDAY-S6\",\r\n        \"verificationDays\": -1,\r\n        \"claimStartDays\": -1,\r\n        \"claimEndDays\": -15,\r\n        \"drawDisplayType\": \"DRAW_NAME\",\r\n        \"eventStartId\": 1\r\n      }\r\n    },\r\n    \"WED\": {\r\n      \"1\": {\r\n        \"drawName\": \"WEDNESDAY-S6\",\r\n        \"verificationDays\": -1,\r\n        \"claimStartDays\": -1,\r\n        \"claimEndDays\": -15,\r\n        \"drawDisplayType\": \"DRAW_NAME\",\r\n        \"eventStartId\": 1\r\n      }\r\n    },\r\n    \"THU\": {\r\n      \"1\": {\r\n        \"drawName\": \"THURSDAY-S6\",\r\n        \"verificationDays\": -1,\r\n        \"claimStartDays\": -1,\r\n        \"claimEndDays\": -15,\r\n        \"drawDisplayType\": \"DRAW_NAME\",\r\n        \"eventStartId\": 1\r\n      }\r\n    },\r\n    \"FRI\": {\r\n      \"1\": {\r\n        \"drawName\": \"FRIDAY-S6\",\r\n        \"verificationDays\": -1,\r\n        \"claimStartDays\": -1,\r\n        \"claimEndDays\": -15,\r\n        \"drawDisplayType\": \"DRAW_NAME\",\r\n        \"eventStartId\": 1\r\n      }\r\n    },\r\n    \"SAT\": {\r\n      \"1\": {\r\n        \"drawName\": \"SATURDAY-S6\",\r\n        \"verificationDays\": -1,\r\n        \"claimStartDays\": -1,\r\n        \"claimEndDays\": -15,\r\n        \"drawDisplayType\": \"DRAW_NAME\",\r\n        \"eventStartId\": 1\r\n      }\r\n    },\r\n    \"SUN\": {\r\n      \"1\": {\r\n        \"drawName\": \"SUNDAY-S6\",\r\n        \"verificationDays\": -1,\r\n        \"claimStartDays\": -1,\r\n        \"claimEndDays\": -15,\r\n        \"drawDisplayType\": \"DRAW_NAME\",\r\n        \"eventStartId\": 1\r\n      }\r\n    }\r\n  }\r\n}\r\n'),(19,4,3,'{\r\n  \"WEEKLY\": {\r\n    \"MON\": {\r\n      \"1\": {\r\n        \"drawName\": \"MONDAY-S4\",\r\n        \"verificationDays\": -1,\r\n        \"claimStartDays\": -1,\r\n        \"claimEndDays\": -15,\r\n        \"drawDisplayType\": \"DRAW_NAME\",\r\n        \"eventStartId\": 1\r\n      }\r\n    },\r\n    \"TUE\": {\r\n      \"1\": {\r\n        \"drawName\": \"TUESDAY-S4\",\r\n        \"verificationDays\": -1,\r\n        \"claimStartDays\": -1,\r\n        \"claimEndDays\": -15,\r\n        \"drawDisplayType\": \"DRAW_NAME\",\r\n        \"eventStartId\": 1\r\n      }\r\n    },\r\n    \"WED\": {\r\n      \"1\": {\r\n        \"drawName\": \"WEDNESDAY-S4\",\r\n        \"verificationDays\": -1,\r\n        \"claimStartDays\": -1,\r\n        \"claimEndDays\": -15,\r\n        \"drawDisplayType\": \"DRAW_NAME\",\r\n        \"eventStartId\": 1\r\n      }\r\n    },\r\n    \"THU\": {\r\n      \"1\": {\r\n        \"drawName\": \"THURSDAY-S4\",\r\n        \"verificationDays\": -1,\r\n        \"claimStartDays\": -1,\r\n        \"claimEndDays\": -15,\r\n        \"drawDisplayType\": \"DRAW_NAME\",\r\n        \"eventStartId\": 1\r\n      }\r\n    },\r\n    \"FRI\": {\r\n      \"1\": {\r\n        \"drawName\": \"FRIDAY-S4\",\r\n        \"verificationDays\": -1,\r\n        \"claimStartDays\": -1,\r\n        \"claimEndDays\": -15,\r\n        \"drawDisplayType\": \"DRAW_NAME\",\r\n        \"eventStartId\": 1\r\n      }\r\n    },\r\n    \"SAT\": {\r\n      \"1\": {\r\n        \"drawName\": \"SATURDAY-S4\",\r\n        \"verificationDays\": -1,\r\n        \"claimStartDays\": -1,\r\n        \"claimEndDays\": -15,\r\n        \"drawDisplayType\": \"DRAW_NAME\",\r\n        \"eventStartId\": 1\r\n      }\r\n    },\r\n    \"SUN\": {\r\n      \"1\": {\r\n        \"drawName\": \"SUNDAY-S4\",\r\n        \"verificationDays\": -1,\r\n        \"claimStartDays\": -1,\r\n        \"claimEndDays\": -15,\r\n        \"drawDisplayType\": \"DRAW_NAME\",\r\n        \"eventStartId\": 1\r\n      }\r\n    }\r\n  }\r\n}\r\n'),(20,4,4,'{\r\n  \"WEEKLY\": {\r\n    \"MON\": {\r\n      \"1\": {\r\n        \"drawName\": \"MONDAY-S4\",\r\n        \"verificationDays\": -1,\r\n        \"claimStartDays\": -1,\r\n        \"claimEndDays\": -15,\r\n        \"drawDisplayType\": \"DRAW_NAME\",\r\n        \"eventStartId\": 1\r\n      }\r\n    },\r\n    \"TUE\": {\r\n      \"1\": {\r\n        \"drawName\": \"TUESDAY-S4\",\r\n        \"verificationDays\": -1,\r\n        \"claimStartDays\": -1,\r\n        \"claimEndDays\": -15,\r\n        \"drawDisplayType\": \"DRAW_NAME\",\r\n        \"eventStartId\": 1\r\n      }\r\n    },\r\n    \"WED\": {\r\n      \"1\": {\r\n        \"drawName\": \"WEDNESDAY-S4\",\r\n        \"verificationDays\": -1,\r\n        \"claimStartDays\": -1,\r\n        \"claimEndDays\": -15,\r\n        \"drawDisplayType\": \"DRAW_NAME\",\r\n        \"eventStartId\": 1\r\n      }\r\n    },\r\n    \"THU\": {\r\n      \"1\": {\r\n        \"drawName\": \"THURSDAY-S4\",\r\n        \"verificationDays\": -1,\r\n        \"claimStartDays\": -1,\r\n        \"claimEndDays\": -15,\r\n        \"drawDisplayType\": \"DRAW_NAME\",\r\n        \"eventStartId\": 1\r\n      }\r\n    },\r\n    \"FRI\": {\r\n      \"1\": {\r\n        \"drawName\": \"FRIDAY-S4\",\r\n        \"verificationDays\": -1,\r\n        \"claimStartDays\": -1,\r\n        \"claimEndDays\": -15,\r\n        \"drawDisplayType\": \"DRAW_NAME\",\r\n        \"eventStartId\": 1\r\n      }\r\n    },\r\n    \"SAT\": {\r\n      \"1\": {\r\n        \"drawName\": \"SATURDAY-S4\",\r\n        \"verificationDays\": -1,\r\n        \"claimStartDays\": -1,\r\n        \"claimEndDays\": -15,\r\n        \"drawDisplayType\": \"DRAW_NAME\",\r\n        \"eventStartId\": 1\r\n      }\r\n    },\r\n    \"SUN\": {\r\n      \"1\": {\r\n        \"drawName\": \"SUNDAY-S4\",\r\n        \"verificationDays\": -1,\r\n        \"claimStartDays\": -1,\r\n        \"claimEndDays\": -15,\r\n        \"drawDisplayType\": \"DRAW_NAME\",\r\n        \"eventStartId\": 1\r\n      }\r\n    }\r\n  }\r\n}\r\n');




